insert into category_large (id, name) values (1, '여성의류');
insert into category_mid (id, name, parent) VALUES (1, '아우터', 1);
insert into category_mid (id, name, parent) VALUES (2, '상의', 1);
insert into category_mid (id, name, parent) VALUES (3, '하의', 1);
insert into category_mid (id, name, parent) VALUES (4, '원피스', 1);
insert into category_mid (id, name, parent) VALUES (5, '신발', 1);

insert into category_large (id, name) values (2, '남성의류');
insert into category_mid (id, name, parent) VALUES (6, '아우터', 2);
insert into category_mid (id, name, parent) VALUES (7, '상의', 2);
insert into category_mid (id, name, parent) VALUES (8, '하의', 2);
insert into category_mid (id, name, parent) VALUES (9, '신발', 2);

insert into category_large (id, name) values (3, '패션잡화');
insert into category_mid (id, name, parent) VALUES (10, '가방', 3);
insert into category_mid (id, name, parent) VALUES (11, '지갑', 3);
insert into category_mid (id, name, parent) VALUES (12, '시계', 3);
insert into category_mid (id, name, parent) VALUES (13, '모자', 3);
insert into category_mid (id, name, parent) VALUES (14, '안경/선글라스', 3);
insert into category_mid (id, name, parent) VALUES (15, '기타', 3);

insert into category_large (id, name) values (4, '쥬얼리');
insert into category_mid (id, name, parent) VALUES (16, '목걸이', 4);
insert into category_mid (id, name, parent) VALUES (17, '반지', 4);
insert into category_mid (id, name, parent) VALUES (18, '귀걸이/피어싱', 4);
insert into category_mid (id, name, parent) VALUES (19, '팔찌', 4);
insert into category_mid (id, name, parent) VALUES (20, '기타', 4);

insert into member (nickname, username, image) values ('hwassell0', 1, 'http://dummyimage.com/216x202.png/dddddd/000000');
insert into member (nickname, username, image) values ('dblasoni1', 2, 'http://dummyimage.com/236x229.png/dddddd/000000');
insert into member (nickname, username, image) values ('nleigh2', 3, 'http://dummyimage.com/176x176.png/cc0000/ffffff');
insert into member (nickname, username, image) values ('fabramow3', 4, 'http://dummyimage.com/208x209.png/cc0000/ffffff');
insert into member (nickname, username, image) values ('dtegler4', 5, 'http://dummyimage.com/166x235.png/cc0000/ffffff');
insert into member (nickname, username, image) values ('achinnery5', 6, 'http://dummyimage.com/154x204.png/cc0000/ffffff');
insert into member (nickname, username, image) values ('lcroshaw6', 7, 'http://dummyimage.com/174x157.png/cc0000/ffffff');
insert into member (nickname, username, image) values ('jmanus7', 8, 'http://dummyimage.com/184x207.png/5fa2dd/ffffff');
insert into member (nickname, username, image) values ('gcoley8', 9, 'http://dummyimage.com/214x201.png/cc0000/ffffff');
insert into member (nickname, username, image) values ('kfolini9', 10, 'http://dummyimage.com/221x136.png/5fa2dd/ffffff');
insert into member (nickname, username, image) values ('gglassoppa', 11, 'http://dummyimage.com/153x227.png/5fa2dd/ffffff');
insert into member (nickname, username, image) values ('gcoburnb', 12, 'http://dummyimage.com/151x242.png/5fa2dd/ffffff');
insert into member (nickname, username, image) values ('dvirrc', 13, 'http://dummyimage.com/170x123.png/cc0000/ffffff');
insert into member (nickname, username, image) values ('rgarshored', 14, 'http://dummyimage.com/243x237.png/dddddd/000000');
insert into member (nickname, username, image) values ('kcawdelle', 15, 'http://dummyimage.com/103x116.png/ff4444/ffffff');
insert into member (nickname, username, image) values ('wschaumannf', 16, 'http://dummyimage.com/158x150.png/5fa2dd/ffffff');
insert into member (nickname, username, image) values ('wmatterseyg', 17, 'http://dummyimage.com/200x146.png/dddddd/000000');
insert into member (nickname, username, image) values ('adepkah', 18, 'http://dummyimage.com/230x137.png/dddddd/000000');
insert into member (nickname, username, image) values ('mfeatherstonei', 19, 'http://dummyimage.com/102x200.png/5fa2dd/ffffff');
insert into member (nickname, username, image) values ('dpendellj', 20, 'http://dummyimage.com/197x214.png/dddddd/000000');

insert into member_location (member_id, name, latitude, longitude) values (1, '7736 Lighthouse Bay Pass', '531', '487');
insert into member_location (member_id, name, latitude, longitude) values (2, '77647 Chive Pass', '699', '540');
insert into member_location (member_id, name, latitude, longitude) values (3, '5 Shoshone Avenue', '234', '455');
insert into member_location (member_id, name, latitude, longitude) values (4, '6 Garrison Lane', '651', '516');
insert into member_location (member_id, name, latitude, longitude) values (5, '45 Pine View Hill', '503', '447');
insert into member_location (member_id, name, latitude, longitude) values (6, '5130 Westend Plaza', '799', '924');
insert into member_location (member_id, name, latitude, longitude) values (7, '7772 Fair Oaks Hill', '002', '492');
insert into member_location (member_id, name, latitude, longitude) values (8, '26112 Nelson Plaza', '772', '998');
insert into member_location (member_id, name, latitude, longitude) values (9, '95327 Lakewood Gardens Pass', '257', '577');
insert into member_location (member_id, name, latitude, longitude) values (10, '92 Michigan Avenue', '539', '516');
insert into member_location (member_id, name, latitude, longitude) values (11, '5550 Grover Court', '690', '415');
insert into member_location (member_id, name, latitude, longitude) values (12, '42 Paget Street', '625', '364');
insert into member_location (member_id, name, latitude, longitude) values (13, '5906 Fallview Drive', '551', '936');
insert into member_location (member_id, name, latitude, longitude) values (14, '335 Lawn Avenue', '723', '798');
insert into member_location (member_id, name, latitude, longitude) values (15, '40 Golf Park', '114', '505');
insert into member_location (member_id, name, latitude, longitude) values (16, '66 Stuart Plaza', '353', '595');
insert into member_location (member_id, name, latitude, longitude) values (17, '30579 American Ash Circle', '411', '728');
insert into member_location (member_id, name, latitude, longitude) values (18, '7 Bashford Parkway', '417', '180');
insert into member_location (member_id, name, latitude, longitude) values (19, '300 Gale Avenue', '540', '007');
insert into member_location (member_id, name, latitude, longitude) values (20, '9 Marquette Avenue', '556', '399');

insert into shop (seller_id, intro, name) values (1, 'Etiam vel augue. Vestibulum rutrum rutrum neque. Aenean auctor gravida sem.', 'jbiggen0');
insert into shop (seller_id, intro, name) values (2, 'Ut at dolor quis odio consequat varius. Integer ac leo.', 'cmaccurlye1');
insert into shop (seller_id, intro, name) values (3, 'Aliquam quis turpis eget elit sodales scelerisque.', 'santonin2');
insert into shop (seller_id, intro, name) values (4, 'Duis ac nibh. Fusce lacus purus, aliquet at, feugiat non, pretium quis, lectus.', 'cfrounks3');
insert into shop (seller_id, intro, name) values (5, 'Duis ac nibh.', 'caylett4');
insert into shop (seller_id, intro, name) values (6, 'Lorem ipsum dolor sit amet, consectetuer adipiscing elit. Proin interdum mauris non ligula pellentesque ultrices.', 'mfiles5');
insert into shop (seller_id, intro, name) values (7, 'Vestibulum ac est lacinia nisi venenatis tristique. Fusce congue, diam id ornare imperdiet, sapien urna pretium nisl, ut volutpat sapien arcu sed augue.', 'pgarken6');
insert into shop (seller_id, intro, name) values (8, 'Nulla tempus. Vivamus in felis eu sapien cursus vestibulum. Proin eu mi.', 'tcoppin7');
insert into shop (seller_id, intro, name) values (9, 'Donec semper sapien a libero.', 'hlacknor8');
insert into shop (seller_id, intro, name) values (10, 'Quisque arcu libero, rutrum ac, lobortis vel, dapibus at, diam.', 'arowth9');
insert into shop (seller_id, intro, name) values (11, 'Pellentesque eget nunc.', 'lmccalistera');
insert into shop (seller_id, intro, name) values (12, 'Maecenas leo odio, condimentum id, luctus nec, molestie sed, justo.', 'ctaffeeb');
insert into shop (seller_id, intro, name) values (13, 'Nulla ut erat id mauris vulputate elementum. Nullam varius.', 'ezarbc');
insert into shop (seller_id, intro, name) values (14, 'Maecenas rhoncus aliquam lacus.', 'nbolderoed');
insert into shop (seller_id, intro, name) values (15, 'Morbi non lectus.', 'walfonsoe');
insert into shop (seller_id, intro, name) values (16, 'Nulla mollis molestie lorem. Quisque ut erat.', 'hmittenf');
insert into shop (seller_id, intro, name) values (17, 'Maecenas pulvinar lobortis est.', 'lbatthewg');
insert into shop (seller_id, intro, name) values (18, 'Praesent blandit lacinia erat. Vestibulum sed magna at nunc commodo placerat. Praesent blandit.', 'tbassillh');
insert into shop (seller_id, intro, name) values (19, 'Ut at dolor quis odio consequat varius.', 'istclairi');
insert into shop (seller_id, intro, name) values (20, 'Praesent lectus. Vestibulum quam sapien, varius ut, blandit non, interdum in, ante. Vestibulum ante ipsum primis in faucibus orci luctus et ultrices posuere cubilia Curae; Duis faucibus accumsan odio.', 'rfrankiewiczj');

insert into item (created_at, comment, main_image_url, name, price, state, category_mid_id, shop_id) values ('2022-10-14T15:32:42Z', 'Suspendisse accumsan tortor quis turpis.', 'http://dummyimage.com/109x187.png/ff4444/ffffff', 'Bay Leaf Ground', 14701, 1, 1, 2);
insert into item (created_at, comment, main_image_url, name, price, state, category_mid_id, shop_id) values ('2023-07-26T19:38:58Z', 'Suspendisse ornare consequat lectus.', 'http://dummyimage.com/178x206.png/5fa2dd/ffffff', 'Bread - Pita, Mini', 93978, 1, 20, 7);
insert into item (created_at, comment, main_image_url, name, price, state, category_mid_id, shop_id) values ('2023-05-17T19:19:03Z', 'Morbi odio odio, elementum eu, interdum eu, tincidunt in, leo.', 'http://dummyimage.com/131x110.png/ff4444/ffffff', 'Lychee', 6812, 1, 9, 6);
insert into item (created_at, comment, main_image_url, name, price, state, category_mid_id, shop_id) values ('2023-01-23T10:28:23Z', 'In sagittis dui vel nisl.', 'http://dummyimage.com/231x123.png/ff4444/ffffff', 'Taro Root', 39504, 2, 2, 4);
insert into item (created_at, comment, main_image_url, name, price, state, category_mid_id, shop_id) values ('2023-09-20T00:25:25Z', 'Vivamus vestibulum sagittis sapien.', 'http://dummyimage.com/111x144.png/5fa2dd/ffffff', 'Coffee - Hazelnut Cream', 65335, 0, 20, 5);
insert into item (created_at, comment, main_image_url, name, price, state, category_mid_id, shop_id) values ('2023-01-17T15:35:15Z', 'Quisque ut erat.', 'http://dummyimage.com/224x188.png/5fa2dd/ffffff', 'Wine - George Duboeuf Rose', 64100, 0, 19, 7);
insert into item (created_at, comment, main_image_url, name, price, state, category_mid_id, shop_id) values ('2023-08-13T17:23:42Z', 'Duis consequat dui nec nisi volutpat eleifend.', 'http://dummyimage.com/204x101.png/ff4444/ffffff', 'Salmon Steak - Cohoe 8 Oz', 94256, 2, 13, 3);
insert into item (created_at, comment, main_image_url, name, price, state, category_mid_id, shop_id) values ('2022-11-14T13:54:09Z', 'Morbi quis tortor id nulla ultrices aliquet.', 'http://dummyimage.com/228x239.png/5fa2dd/ffffff', 'Cheese - Cheddarsliced', 18538, 2, 5, 1);
insert into item (created_at, comment, main_image_url, name, price, state, category_mid_id, shop_id) values ('2022-11-07T02:45:33Z', 'Vivamus in felis eu sapien cursus vestibulum.', 'http://dummyimage.com/119x245.png/dddddd/000000', 'Wine - Sawmill Creek Autumn', 16849, 2, 1, 5);
insert into item (created_at, comment, main_image_url, name, price, state, category_mid_id, shop_id) values ('2023-06-14T09:06:29Z', 'Duis bibendum, felis sed interdum venenatis, turpis enim blandit mi, in porttitor pede justo eu massa.', 'http://dummyimage.com/154x132.png/cc0000/ffffff', 'Snapple - Iced Tea Peach', 44643, 0, 16, 4);
insert into item (created_at, comment, main_image_url, name, price, state, category_mid_id, shop_id) values ('2023-09-10T02:56:28Z', 'Praesent id massa id nisl venenatis lacinia.', 'http://dummyimage.com/146x203.png/cc0000/ffffff', 'Salt - Celery', 28042, 0, 11, 3);
insert into item (created_at, comment, main_image_url, name, price, state, category_mid_id, shop_id) values ('2023-05-11T22:09:35Z', 'Donec quis orci eget orci vehicula condimentum.', 'http://dummyimage.com/150x177.png/dddddd/000000', 'Amaretto', 5928, 2, 13, 6);
insert into item (created_at, comment, main_image_url, name, price, state, category_mid_id, shop_id) values ('2023-07-13T21:16:12Z', 'Quisque erat eros, viverra eget, congue eget, semper rutrum, nulla.', 'http://dummyimage.com/123x158.png/cc0000/ffffff', 'Wine - White, Pinot Grigio', 12177, 0, 11, 6);
insert into item (created_at, comment, main_image_url, name, price, state, category_mid_id, shop_id) values ('2023-10-02T02:07:30Z', 'Duis ac nibh.', 'http://dummyimage.com/148x208.png/5fa2dd/ffffff', 'Wine - Peller Estates Late', 57599, 1, 6, 7);
insert into item (created_at, comment, main_image_url, name, price, state, category_mid_id, shop_id) values ('2023-04-21T20:13:15Z', 'Integer ac leo.', 'http://dummyimage.com/169x120.png/cc0000/ffffff', 'Soup - Campbells, Creamy', 37762, 0, 2, 1);
insert into item (created_at, comment, main_image_url, name, price, state, category_mid_id, shop_id) values ('2023-01-01T03:43:27Z', 'Duis bibendum.', 'http://dummyimage.com/137x243.png/cc0000/ffffff', 'Sardines', 81342, 0, 18, 3);
insert into item (created_at, comment, main_image_url, name, price, state, category_mid_id, shop_id) values ('2022-10-31T00:48:01Z', 'Fusce consequat.', 'http://dummyimage.com/114x114.png/ff4444/ffffff', 'Olives - Nicoise', 48175, 2, 1, 3);
insert into item (created_at, comment, main_image_url, name, price, state, category_mid_id, shop_id) values ('2023-05-16T21:02:56Z', 'Mauris lacinia sapien quis libero.', 'http://dummyimage.com/171x133.png/cc0000/ffffff', 'Yeast Dry - Fermipan', 19319, 1, 2, 6);
insert into item (created_at, comment, main_image_url, name, price, state, category_mid_id, shop_id) values ('2022-11-11T08:36:36Z', 'Nullam sit amet turpis elementum ligula vehicula consequat.', 'http://dummyimage.com/161x158.png/5fa2dd/ffffff', 'Wine - Hardys Bankside Shiraz', 5175, 2, 7, 5);
insert into item (created_at, comment, main_image_url, name, price, state, category_mid_id, shop_id) values ('2023-09-16T14:47:23Z', 'Vestibulum rutrum rutrum neque.', 'http://dummyimage.com/161x166.png/5fa2dd/ffffff', 'Seedlings - Clamshell', 89550, 2, 18, 4);
insert into item (created_at, comment, main_image_url, name, price, state, category_mid_id, shop_id) values ('2022-12-11T21:58:12Z', 'Praesent blandit.', 'http://dummyimage.com/234x141.png/5fa2dd/ffffff', 'Tray - 16in Rnd Blk', 56418, 1, 5, 6);
insert into item (created_at, comment, main_image_url, name, price, state, category_mid_id, shop_id) values ('2023-03-29T02:36:19Z', 'Aliquam augue quam, sollicitudin vitae, consectetuer eget, rutrum at, lorem.', 'http://dummyimage.com/174x237.png/5fa2dd/ffffff', 'Sausage - Meat', 81032, 2, 15, 3);
insert into item (created_at, comment, main_image_url, name, price, state, category_mid_id, shop_id) values ('2023-06-29T21:41:52Z', 'Donec dapibus.', 'http://dummyimage.com/106x228.png/5fa2dd/ffffff', 'Irish Cream - Baileys', 51851, 2, 8, 3);
insert into item (created_at, comment, main_image_url, name, price, state, category_mid_id, shop_id) values ('2023-06-17T03:40:31Z', 'In hac habitasse platea dictumst.', 'http://dummyimage.com/100x130.png/dddddd/000000', 'Mayonnaise - Individual Pkg', 42871, 1, 14, 1);
insert into item (created_at, comment, main_image_url, name, price, state, category_mid_id, shop_id) values ('2023-02-20T12:35:02Z', 'Maecenas leo odio, condimentum id, luctus nec, molestie sed, justo.', 'http://dummyimage.com/189x159.png/dddddd/000000', 'Nectarines', 26595, 2, 4, 3);
insert into item (created_at, comment, main_image_url, name, price, state, category_mid_id, shop_id) values ('2023-02-24T23:37:59Z', 'Nulla ac enim.', 'http://dummyimage.com/174x117.png/cc0000/ffffff', 'Food Colouring - Green', 18845, 1, 15, 1);
insert into item (created_at, comment, main_image_url, name, price, state, category_mid_id, shop_id) values ('2023-03-06T12:38:20Z', 'Morbi a ipsum.', 'http://dummyimage.com/247x214.png/5fa2dd/ffffff', 'Muffin - Mix - Mango Sour Cherry', 60634, 1, 9, 3);
insert into item (created_at, comment, main_image_url, name, price, state, category_mid_id, shop_id) values ('2023-01-08T18:39:48Z', 'In eleifend quam a odio.', 'http://dummyimage.com/141x207.png/dddddd/000000', 'V8 - Tropical Blend', 1836, 1, 6, 3);
insert into item (created_at, comment, main_image_url, name, price, state, category_mid_id, shop_id) values ('2022-10-18T07:03:20Z', 'In hac habitasse platea dictumst.', 'http://dummyimage.com/248x169.png/dddddd/000000', 'Lemonade - Natural, 591 Ml', 64963, 1, 18, 4);
insert into item (created_at, comment, main_image_url, name, price, state, category_mid_id, shop_id) values ('2023-09-02T15:27:22Z', 'In est risus, auctor sed, tristique in, tempus sit amet, sem.', 'http://dummyimage.com/240x102.png/dddddd/000000', 'Pancetta', 13472, 1, 16, 5);
insert into item (created_at, comment, main_image_url, name, price, state, category_mid_id, shop_id) values ('2022-10-31T21:03:06Z', 'Cras in purus eu magna vulputate luctus.', 'http://dummyimage.com/217x109.png/ff4444/ffffff', 'Bacon Strip Precooked', 1482, 0, 1, 7);
insert into item (created_at, comment, main_image_url, name, price, state, category_mid_id, shop_id) values ('2023-02-09T08:14:35Z', 'Proin risus.', 'http://dummyimage.com/133x157.png/5fa2dd/ffffff', 'Crab - Soft Shell', 18034, 1, 8, 7);
insert into item (created_at, comment, main_image_url, name, price, state, category_mid_id, shop_id) values ('2023-04-16T02:07:25Z', 'Etiam faucibus cursus urna.', 'http://dummyimage.com/205x203.png/5fa2dd/ffffff', 'Bread - English Muffin', 62632, 2, 1, 2);
insert into item (created_at, comment, main_image_url, name, price, state, category_mid_id, shop_id) values ('2023-01-22T23:41:53Z', 'Duis consequat dui nec nisi volutpat eleifend.', 'http://dummyimage.com/202x169.png/cc0000/ffffff', 'Sauce - Roasted Red Pepper', 57531, 1, 6, 4);
insert into item (created_at, comment, main_image_url, name, price, state, category_mid_id, shop_id) values ('2023-05-09T03:01:03Z', 'Nullam sit amet turpis elementum ligula vehicula consequat.', 'http://dummyimage.com/244x142.png/ff4444/ffffff', 'Basil - Pesto Sauce', 40912, 2, 1, 2);
insert into item (created_at, comment, main_image_url, name, price, state, category_mid_id, shop_id) values ('2023-02-15T18:58:45Z', 'Nullam varius.', 'http://dummyimage.com/223x137.png/5fa2dd/ffffff', 'Lotus Leaves', 37456, 0, 11, 6);
insert into item (created_at, comment, main_image_url, name, price, state, category_mid_id, shop_id) values ('2023-01-01T11:26:35Z', 'Maecenas leo odio, condimentum id, luctus nec, molestie sed, justo.', 'http://dummyimage.com/131x152.png/dddddd/000000', 'Ginger - Crystalized', 48329, 2, 11, 5);
insert into item (created_at, comment, main_image_url, name, price, state, category_mid_id, shop_id) values ('2023-05-11T16:27:14Z', 'Etiam justo.', 'http://dummyimage.com/244x228.png/ff4444/ffffff', 'Ham - Black Forest', 13317, 0, 9, 2);
insert into item (created_at, comment, main_image_url, name, price, state, category_mid_id, shop_id) values ('2023-04-07T00:59:17Z', 'Morbi sem mauris, laoreet ut, rhoncus aliquet, pulvinar sed, nisl.', 'http://dummyimage.com/216x100.png/dddddd/000000', 'Berry Brulee', 64064, 1, 9, 1);
insert into item (created_at, comment, main_image_url, name, price, state, category_mid_id, shop_id) values ('2023-05-17T17:07:30Z', 'Aenean sit amet justo.', 'http://dummyimage.com/207x194.png/5fa2dd/ffffff', 'Flour - Strong Pizza', 15731, 1, 18, 5);
insert into item (created_at, comment, main_image_url, name, price, state, category_mid_id, shop_id) values ('2022-12-18T19:52:53Z', 'Proin interdum mauris non ligula pellentesque ultrices.', 'http://dummyimage.com/159x110.png/5fa2dd/ffffff', 'Plaintain', 23147, 2, 20, 4);
insert into item (created_at, comment, main_image_url, name, price, state, category_mid_id, shop_id) values ('2022-11-06T15:29:28Z', 'Vestibulum ante ipsum primis in faucibus orci luctus et ultrices posuere cubilia Curae; Nulla dapibus dolor vel est.', 'http://dummyimage.com/108x215.png/cc0000/ffffff', 'Schnappes - Peach, Walkers', 63903, 2, 10, 3);
insert into item (created_at, comment, main_image_url, name, price, state, category_mid_id, shop_id) values ('2023-05-01T01:36:45Z', 'Suspendisse potenti.', 'http://dummyimage.com/197x155.png/dddddd/000000', 'Blackberries', 57237, 1, 17, 2);
insert into item (created_at, comment, main_image_url, name, price, state, category_mid_id, shop_id) values ('2022-12-03T03:45:48Z', 'Proin risus.', 'http://dummyimage.com/126x110.png/cc0000/ffffff', 'Seabream Whole Farmed', 52135, 1, 14, 7);
insert into item (created_at, comment, main_image_url, name, price, state, category_mid_id, shop_id) values ('2023-02-07T12:18:16Z', 'Quisque porta volutpat erat.', 'http://dummyimage.com/170x165.png/cc0000/ffffff', 'Kahlua', 15201, 1, 19, 5);
insert into item (created_at, comment, main_image_url, name, price, state, category_mid_id, shop_id) values ('2023-04-07T20:13:24Z', 'Vivamus in felis eu sapien cursus vestibulum.', 'http://dummyimage.com/114x228.png/cc0000/ffffff', 'Nougat - Paste / Cream', 20630, 2, 11, 1);
insert into item (created_at, comment, main_image_url, name, price, state, category_mid_id, shop_id) values ('2023-09-20T08:03:31Z', 'Proin eu mi.', 'http://dummyimage.com/245x147.png/ff4444/ffffff', 'Carbonated Water - Raspberry', 34187, 0, 12, 1);
insert into item (created_at, comment, main_image_url, name, price, state, category_mid_id, shop_id) values ('2023-08-31T07:23:10Z', 'Nulla tempus.', 'http://dummyimage.com/226x121.png/5fa2dd/ffffff', 'Chestnuts - Whole,canned', 85351, 2, 18, 7);
insert into item (created_at, comment, main_image_url, name, price, state, category_mid_id, shop_id) values ('2022-12-27T13:36:36Z', 'Morbi quis tortor id nulla ultrices aliquet.', 'http://dummyimage.com/243x179.png/ff4444/ffffff', 'Oil - Olive Bertolli', 94756, 0, 12, 4);
insert into item (created_at, comment, main_image_url, name, price, state, category_mid_id, shop_id) values ('2022-12-13T19:48:25Z', 'Nulla suscipit ligula in lacus.', 'http://dummyimage.com/115x196.png/5fa2dd/ffffff', 'Mustard Prepared', 9308, 2, 19, 4);
insert into item (created_at, comment, main_image_url, name, price, state, category_mid_id, shop_id) values ('2023-10-10T23:57:33Z', 'Nunc nisl.', 'http://dummyimage.com/121x139.png/ff4444/ffffff', 'Ice - Clear, 300 Lb For Carving', 43676, 2, 18, 2);
insert into item (created_at, comment, main_image_url, name, price, state, category_mid_id, shop_id) values ('2022-12-17T07:56:23Z', 'Duis ac nibh.', 'http://dummyimage.com/243x226.png/5fa2dd/ffffff', 'Veal - Knuckle', 88888, 1, 10, 1);
insert into item (created_at, comment, main_image_url, name, price, state, category_mid_id, shop_id) values ('2023-07-31T21:02:39Z', 'Morbi a ipsum.', 'http://dummyimage.com/246x247.png/ff4444/ffffff', 'Mousse - Banana Chocolate', 38955, 2, 4, 3);
insert into item (created_at, comment, main_image_url, name, price, state, category_mid_id, shop_id) values ('2023-10-06T09:59:57Z', 'Donec odio justo, sollicitudin ut, suscipit a, feugiat et, eros.', 'http://dummyimage.com/239x110.png/5fa2dd/ffffff', 'Steel Wool S.o.s', 61684, 1, 2, 3);
insert into item (created_at, comment, main_image_url, name, price, state, category_mid_id, shop_id) values ('2023-03-03T22:30:24Z', 'Quisque erat eros, viverra eget, congue eget, semper rutrum, nulla.', 'http://dummyimage.com/116x125.png/5fa2dd/ffffff', 'Cassis', 5950, 1, 16, 4);
insert into item (created_at, comment, main_image_url, name, price, state, category_mid_id, shop_id) values ('2023-10-07T13:26:01Z', 'Praesent blandit.', 'http://dummyimage.com/121x111.png/dddddd/000000', 'Steam Pan - Half Size Deep', 51343, 0, 18, 3);
insert into item (created_at, comment, main_image_url, name, price, state, category_mid_id, shop_id) values ('2023-02-26T03:57:37Z', 'Praesent blandit.', 'http://dummyimage.com/217x198.png/ff4444/ffffff', 'Filter - Coffee', 35408, 2, 15, 2);
insert into item (created_at, comment, main_image_url, name, price, state, category_mid_id, shop_id) values ('2023-03-13T23:58:12Z', 'Aliquam quis turpis eget elit sodales scelerisque.', 'http://dummyimage.com/161x226.png/dddddd/000000', 'Muffin - Mix - Creme Brule 15l', 16322, 2, 19, 5);
insert into item (created_at, comment, main_image_url, name, price, state, category_mid_id, shop_id) values ('2022-12-30T15:16:39Z', 'Pellentesque eget nunc.', 'http://dummyimage.com/243x146.png/5fa2dd/ffffff', 'Lettuce - Romaine, Heart', 55052, 1, 15, 5);
insert into item (created_at, comment, main_image_url, name, price, state, category_mid_id, shop_id) values ('2022-11-17T01:21:44Z', 'Cum sociis natoque penatibus et magnis dis parturient montes, nascetur ridiculus mus.', 'http://dummyimage.com/166x129.png/ff4444/ffffff', 'Fish - Atlantic Salmon, Cold', 84794, 0, 16, 2);
insert into item (created_at, comment, main_image_url, name, price, state, category_mid_id, shop_id) values ('2023-06-16T13:33:25Z', 'Pellentesque ultrices mattis odio.', 'http://dummyimage.com/133x191.png/ff4444/ffffff', 'Gingerale - Schweppes, 355 Ml', 33690, 2, 14, 6);
insert into item (created_at, comment, main_image_url, name, price, state, category_mid_id, shop_id) values ('2023-03-08T05:38:44Z', 'Aenean auctor gravida sem.', 'http://dummyimage.com/234x202.png/5fa2dd/ffffff', 'Cassis', 27258, 0, 9, 5);
insert into item (created_at, comment, main_image_url, name, price, state, category_mid_id, shop_id) values ('2023-08-25T07:46:05Z', 'Donec ut dolor.', 'http://dummyimage.com/160x103.png/dddddd/000000', 'Spice - Paprika', 10581, 0, 6, 3);
insert into item (created_at, comment, main_image_url, name, price, state, category_mid_id, shop_id) values ('2022-11-13T11:10:59Z', 'Nam nulla.', 'http://dummyimage.com/124x216.png/cc0000/ffffff', 'Bok Choy - Baby', 14341, 0, 10, 6);
insert into item (created_at, comment, main_image_url, name, price, state, category_mid_id, shop_id) values ('2022-11-08T21:26:58Z', 'Integer ac neque.', 'http://dummyimage.com/207x176.png/5fa2dd/ffffff', 'Pastry - Butterscotch Baked', 93308, 1, 4, 2);
insert into item (created_at, comment, main_image_url, name, price, state, category_mid_id, shop_id) values ('2023-02-18T07:18:58Z', 'Mauris lacinia sapien quis libero.', 'http://dummyimage.com/137x121.png/dddddd/000000', 'Baking Soda', 50794, 1, 12, 3);
insert into item (created_at, comment, main_image_url, name, price, state, category_mid_id, shop_id) values ('2023-05-30T01:52:03Z', 'Vivamus vestibulum sagittis sapien.', 'http://dummyimage.com/230x192.png/ff4444/ffffff', 'Cape Capensis - Fillet', 13037, 0, 14, 3);
insert into item (created_at, comment, main_image_url, name, price, state, category_mid_id, shop_id) values ('2023-06-07T23:58:18Z', 'In tempor, turpis nec euismod scelerisque, quam turpis adipiscing lorem, vitae mattis nibh ligula nec sem.', 'http://dummyimage.com/198x146.png/5fa2dd/ffffff', 'Blueberries - Frozen', 32820, 2, 10, 6);
insert into item (created_at, comment, main_image_url, name, price, state, category_mid_id, shop_id) values ('2022-12-10T02:36:20Z', 'Aliquam erat volutpat.', 'http://dummyimage.com/222x235.png/dddddd/000000', 'Beef - Bones, Marrow', 51506, 0, 12, 3);
insert into item (created_at, comment, main_image_url, name, price, state, category_mid_id, shop_id) values ('2023-05-20T20:40:02Z', 'Nam dui.', 'http://dummyimage.com/226x183.png/cc0000/ffffff', 'Cheese Cheddar Processed', 47601, 1, 7, 3);
insert into item (created_at, comment, main_image_url, name, price, state, category_mid_id, shop_id) values ('2022-10-27T20:15:05Z', 'Nunc purus.', 'http://dummyimage.com/104x237.png/5fa2dd/ffffff', 'Pie Filling - Apple', 71523, 1, 7, 4);
insert into item (created_at, comment, main_image_url, name, price, state, category_mid_id, shop_id) values ('2022-12-26T03:46:00Z', 'Nulla suscipit ligula in lacus.', 'http://dummyimage.com/163x110.png/5fa2dd/ffffff', 'Water - Spring 1.5lit', 22251, 1, 18, 4);
insert into item (created_at, comment, main_image_url, name, price, state, category_mid_id, shop_id) values ('2023-07-05T20:30:54Z', 'Nullam porttitor lacus at turpis.', 'http://dummyimage.com/179x234.png/ff4444/ffffff', 'Scotch - Queen Anne', 31896, 1, 4, 3);
insert into item (created_at, comment, main_image_url, name, price, state, category_mid_id, shop_id) values ('2022-12-02T08:56:38Z', 'Suspendisse potenti.', 'http://dummyimage.com/177x243.png/dddddd/000000', 'Ginger - Crystalized', 76155, 1, 15, 7);
insert into item (created_at, comment, main_image_url, name, price, state, category_mid_id, shop_id) values ('2023-04-21T17:30:38Z', 'Donec ut mauris eget massa tempor convallis.', 'http://dummyimage.com/129x244.png/5fa2dd/ffffff', 'Peppercorns - Green', 92654, 2, 5, 4);
insert into item (created_at, comment, main_image_url, name, price, state, category_mid_id, shop_id) values ('2023-05-08T15:24:35Z', 'Integer non velit.', 'http://dummyimage.com/108x175.png/ff4444/ffffff', 'Durian Fruit', 71940, 0, 8, 4);
insert into item (created_at, comment, main_image_url, name, price, state, category_mid_id, shop_id) values ('2023-05-09T15:30:55Z', 'Vestibulum quam sapien, varius ut, blandit non, interdum in, ante.', 'http://dummyimage.com/201x243.png/cc0000/ffffff', 'Pasta - Detalini, White, Fresh', 23059, 2, 18, 5);
insert into item (created_at, comment, main_image_url, name, price, state, category_mid_id, shop_id) values ('2023-08-09T05:57:56Z', 'Nunc purus.', 'http://dummyimage.com/248x231.png/ff4444/ffffff', 'Island Oasis - Mango Daiquiri', 10465, 1, 13, 6);
insert into item (created_at, comment, main_image_url, name, price, state, category_mid_id, shop_id) values ('2023-01-08T04:56:22Z', 'Nullam porttitor lacus at turpis.', 'http://dummyimage.com/231x131.png/ff4444/ffffff', 'Gatorade - Fruit Punch', 69620, 1, 7, 4);
insert into item (created_at, comment, main_image_url, name, price, state, category_mid_id, shop_id) values ('2023-03-28T03:53:58Z', 'Sed sagittis.', 'http://dummyimage.com/227x184.png/cc0000/ffffff', 'Shrimp - 16 - 20 Cooked, Peeled', 23980, 2, 9, 6);
insert into item (created_at, comment, main_image_url, name, price, state, category_mid_id, shop_id) values ('2023-08-14T14:03:25Z', 'Nullam orci pede, venenatis non, sodales sed, tincidunt eu, felis.', 'http://dummyimage.com/134x118.png/5fa2dd/ffffff', 'Papadam', 96986, 0, 10, 1);
insert into item (created_at, comment, main_image_url, name, price, state, category_mid_id, shop_id) values ('2023-05-29T08:16:17Z', 'Nulla facilisi.', 'http://dummyimage.com/113x178.png/dddddd/000000', 'Pan Grease', 65764, 2, 4, 7);
insert into item (created_at, comment, main_image_url, name, price, state, category_mid_id, shop_id) values ('2023-01-21T20:27:58Z', 'Morbi porttitor lorem id ligula.', 'http://dummyimage.com/244x107.png/dddddd/000000', 'Neckerchief Blck', 88812, 1, 4, 3);
insert into item (created_at, comment, main_image_url, name, price, state, category_mid_id, shop_id) values ('2023-04-17T18:41:11Z', 'Duis aliquam convallis nunc.', 'http://dummyimage.com/149x248.png/ff4444/ffffff', 'Beer - Rickards Red', 10515, 1, 11, 1);
insert into item (created_at, comment, main_image_url, name, price, state, category_mid_id, shop_id) values ('2023-09-02T08:46:03Z', 'Nulla tellus.', 'http://dummyimage.com/164x113.png/dddddd/000000', 'Flower - Leather Leaf Fern', 35304, 1, 17, 5);
insert into item (created_at, comment, main_image_url, name, price, state, category_mid_id, shop_id) values ('2023-07-13T10:28:10Z', 'Praesent blandit lacinia erat.', 'http://dummyimage.com/155x118.png/5fa2dd/ffffff', 'Squid Ink', 41142, 1, 9, 6);
insert into item (created_at, comment, main_image_url, name, price, state, category_mid_id, shop_id) values ('2023-08-05T21:03:10Z', 'Mauris lacinia sapien quis libero.', 'http://dummyimage.com/122x226.png/5fa2dd/ffffff', 'Tart Shells - Sweet, 4', 90932, 1, 17, 5);
insert into item (created_at, comment, main_image_url, name, price, state, category_mid_id, shop_id) values ('2023-05-31T23:50:18Z', 'In tempor, turpis nec euismod scelerisque, quam turpis adipiscing lorem, vitae mattis nibh ligula nec sem.', 'http://dummyimage.com/128x149.png/5fa2dd/ffffff', 'Oyster - In Shell', 24581, 1, 3, 4);
insert into item (created_at, comment, main_image_url, name, price, state, category_mid_id, shop_id) values ('2023-03-30T06:50:11Z', 'Cras in purus eu magna vulputate luctus.', 'http://dummyimage.com/201x241.png/5fa2dd/ffffff', 'Coke - Diet, 355 Ml', 33653, 0, 3, 6);
insert into item (created_at, comment, main_image_url, name, price, state, category_mid_id, shop_id) values ('2023-02-16T23:02:16Z', 'Vestibulum sed magna at nunc commodo placerat.', 'http://dummyimage.com/207x118.png/cc0000/ffffff', 'Napkin - Beverge, White 2 - Ply', 55665, 1, 16, 7);
insert into item (created_at, comment, main_image_url, name, price, state, category_mid_id, shop_id) values ('2022-11-25T00:57:38Z', 'Sed ante.', 'http://dummyimage.com/144x149.png/ff4444/ffffff', 'Tea - Black Currant', 50671, 2, 13, 7);
insert into item (created_at, comment, main_image_url, name, price, state, category_mid_id, shop_id) values ('2023-01-24T14:15:40Z', 'Praesent lectus.', 'http://dummyimage.com/219x106.png/ff4444/ffffff', 'Olives - Nicoise', 52845, 2, 4, 2);
insert into item (created_at, comment, main_image_url, name, price, state, category_mid_id, shop_id) values ('2023-02-26T12:10:53Z', 'Quisque id justo sit amet sapien dignissim vestibulum.', 'http://dummyimage.com/210x220.png/ff4444/ffffff', 'Tomatoes - Heirloom', 44442, 1, 6, 2);
insert into item (created_at, comment, main_image_url, name, price, state, category_mid_id, shop_id) values ('2023-05-29T18:54:31Z', 'Nulla ac enim.', 'http://dummyimage.com/116x105.png/dddddd/000000', 'Coffee Swiss Choc Almond', 87639, 0, 6, 4);
insert into item (created_at, comment, main_image_url, name, price, state, category_mid_id, shop_id) values ('2023-02-10T22:16:14Z', 'Donec odio justo, sollicitudin ut, suscipit a, feugiat et, eros.', 'http://dummyimage.com/116x174.png/dddddd/000000', 'Beer - Camerons Cream Ale', 11059, 2, 18, 3);
insert into item (created_at, comment, main_image_url, name, price, state, category_mid_id, shop_id) values ('2023-06-30T09:30:51Z', 'Aenean fermentum.', 'http://dummyimage.com/187x113.png/cc0000/ffffff', 'Bread - White Mini Epi', 97414, 2, 16, 6);
insert into item (created_at, comment, main_image_url, name, price, state, category_mid_id, shop_id) values ('2022-11-29T20:50:18Z', 'Proin eu mi.', 'http://dummyimage.com/247x191.png/dddddd/000000', 'Spice - Peppercorn Melange', 29997, 1, 19, 4);
insert into item (created_at, comment, main_image_url, name, price, state, category_mid_id, shop_id) values ('2022-11-15T23:19:26Z', 'Donec ut dolor.', 'http://dummyimage.com/182x239.png/5fa2dd/ffffff', 'Chicken - Tenderloin', 99189, 0, 20, 5);
insert into item (created_at, comment, main_image_url, name, price, state, category_mid_id, shop_id) values ('2023-04-19T18:23:45Z', 'Suspendisse potenti.', 'http://dummyimage.com/215x154.png/dddddd/000000', 'Cheese - Goat', 75507, 1, 15, 2);
insert into item (created_at, comment, main_image_url, name, price, state, category_mid_id, shop_id) values ('2023-07-08T13:37:27Z', 'Mauris ullamcorper purus sit amet nulla.', 'http://dummyimage.com/210x115.png/ff4444/ffffff', 'Cake - French Pear Tart', 20500, 0, 4, 5);
insert into item (created_at, comment, main_image_url, name, price, state, category_mid_id, shop_id) values ('2022-12-08T15:23:07Z', 'Etiam pretium iaculis justo.', 'http://dummyimage.com/246x166.png/5fa2dd/ffffff', 'Puree - Blackcurrant', 90321, 0, 5, 6);
insert into item (created_at, comment, main_image_url, name, price, state, category_mid_id, shop_id) values ('2023-01-28T18:47:52Z', 'Nulla ac enim.', 'http://dummyimage.com/239x192.png/dddddd/000000', 'Muffin Mix - Raisin Bran', 37145, 0, 20, 4);
insert into item (created_at, comment, main_image_url, name, price, state, category_mid_id, shop_id) values ('2023-01-07T08:33:22Z', 'Sed ante.', 'http://dummyimage.com/121x179.png/cc0000/ffffff', 'Cleaner - Pine Sol', 61847, 0, 10, 6);
insert into item (created_at, comment, main_image_url, name, price, state, category_mid_id, shop_id) values ('2023-04-11T04:20:56Z', 'Suspendisse ornare consequat lectus.', 'http://dummyimage.com/172x214.png/dddddd/000000', 'Crab - Back Fin Meat, Canned', 6132, 0, 9, 6);
insert into item (created_at, comment, main_image_url, name, price, state, category_mid_id, shop_id) values ('2022-10-30T01:35:49Z', 'Morbi porttitor lorem id ligula.', 'http://dummyimage.com/238x231.png/5fa2dd/ffffff', 'Bread - White, Unsliced', 46658, 1, 2, 3);
insert into item (created_at, comment, main_image_url, name, price, state, category_mid_id, shop_id) values ('2023-09-27T04:59:32Z', 'Aliquam non mauris.', 'http://dummyimage.com/117x129.png/ff4444/ffffff', 'Pepper Squash', 15583, 1, 16, 6);
insert into item (created_at, comment, main_image_url, name, price, state, category_mid_id, shop_id) values ('2023-05-01T01:03:56Z', 'Nulla justo.', 'http://dummyimage.com/108x147.png/5fa2dd/ffffff', 'Juice - Prune', 29466, 0, 3, 7);
insert into item (created_at, comment, main_image_url, name, price, state, category_mid_id, shop_id) values ('2023-02-10T04:46:26Z', 'Nunc purus.', 'http://dummyimage.com/247x198.png/5fa2dd/ffffff', 'Cheese - Blue', 80881, 1, 10, 7);
insert into item (created_at, comment, main_image_url, name, price, state, category_mid_id, shop_id) values ('2023-07-08T14:28:51Z', 'Proin risus.', 'http://dummyimage.com/208x166.png/cc0000/ffffff', 'Broom Handle', 85838, 1, 12, 5);
insert into item (created_at, comment, main_image_url, name, price, state, category_mid_id, shop_id) values ('2023-03-08T04:04:59Z', 'Praesent id massa id nisl venenatis lacinia.', 'http://dummyimage.com/216x141.png/cc0000/ffffff', 'Pie Filling - Apple', 3401, 2, 16, 6);
insert into item (created_at, comment, main_image_url, name, price, state, category_mid_id, shop_id) values ('2023-05-15T04:55:03Z', 'Pellentesque eget nunc.', 'http://dummyimage.com/125x189.png/dddddd/000000', 'Veal - Bones', 78237, 1, 16, 2);
insert into item (created_at, comment, main_image_url, name, price, state, category_mid_id, shop_id) values ('2023-06-25T07:10:08Z', 'In blandit ultrices enim.', 'http://dummyimage.com/138x235.png/5fa2dd/ffffff', 'Bacardi Breezer - Strawberry', 20722, 2, 19, 3);
insert into item (created_at, comment, main_image_url, name, price, state, category_mid_id, shop_id) values ('2023-07-17T19:52:00Z', 'Aliquam augue quam, sollicitudin vitae, consectetuer eget, rutrum at, lorem.', 'http://dummyimage.com/140x179.png/5fa2dd/ffffff', 'Onions - Vidalia', 9880, 0, 14, 5);
insert into item (created_at, comment, main_image_url, name, price, state, category_mid_id, shop_id) values ('2023-08-11T02:43:16Z', 'Pellentesque ultrices mattis odio.', 'http://dummyimage.com/225x207.png/ff4444/ffffff', 'Langers - Cranberry Cocktail', 50061, 1, 7, 6);
insert into item (created_at, comment, main_image_url, name, price, state, category_mid_id, shop_id) values ('2023-06-16T01:00:40Z', 'In sagittis dui vel nisl.', 'http://dummyimage.com/134x112.png/5fa2dd/ffffff', 'Sour Cream', 43298, 0, 8, 1);
insert into item (created_at, comment, main_image_url, name, price, state, category_mid_id, shop_id) values ('2023-03-12T13:27:31Z', 'Vivamus tortor.', 'http://dummyimage.com/140x250.png/ff4444/ffffff', 'Cheese - Romano, Grated', 97761, 0, 7, 4);
insert into item (created_at, comment, main_image_url, name, price, state, category_mid_id, shop_id) values ('2023-04-18T13:06:56Z', 'Quisque erat eros, viverra eget, congue eget, semper rutrum, nulla.', 'http://dummyimage.com/192x102.png/ff4444/ffffff', 'Mortadella', 37797, 0, 16, 3);
insert into item (created_at, comment, main_image_url, name, price, state, category_mid_id, shop_id) values ('2022-11-28T18:53:31Z', 'Nam dui.', 'http://dummyimage.com/133x158.png/dddddd/000000', 'Soup - Knorr, Chicken Noodle', 24443, 2, 6, 4);
insert into item (created_at, comment, main_image_url, name, price, state, category_mid_id, shop_id) values ('2023-07-20T17:02:42Z', 'Proin leo odio, porttitor id, consequat in, consequat ut, nulla.', 'http://dummyimage.com/230x132.png/ff4444/ffffff', 'Squeeze Bottle', 6519, 1, 11, 7);
insert into item (created_at, comment, main_image_url, name, price, state, category_mid_id, shop_id) values ('2022-12-04T14:27:32Z', 'Nunc rhoncus dui vel sem.', 'http://dummyimage.com/152x160.png/dddddd/000000', 'Cheese - Camembert', 87251, 1, 18, 2);
insert into item (created_at, comment, main_image_url, name, price, state, category_mid_id, shop_id) values ('2023-04-26T08:40:47Z', 'Praesent blandit.', 'http://dummyimage.com/102x201.png/5fa2dd/ffffff', 'Coriander - Ground', 71245, 0, 10, 3);
insert into item (created_at, comment, main_image_url, name, price, state, category_mid_id, shop_id) values ('2022-11-09T07:25:12Z', 'Duis consequat dui nec nisi volutpat eleifend.', 'http://dummyimage.com/193x207.png/ff4444/ffffff', 'Nantucket - 518ml', 17185, 0, 13, 1);
insert into item (created_at, comment, main_image_url, name, price, state, category_mid_id, shop_id) values ('2023-07-25T23:47:20Z', 'Nunc purus.', 'http://dummyimage.com/227x200.png/cc0000/ffffff', 'Salt - Rock, Course', 20612, 1, 5, 2);
insert into item (created_at, comment, main_image_url, name, price, state, category_mid_id, shop_id) values ('2023-03-26T05:50:03Z', 'Nam tristique tortor eu pede.', 'http://dummyimage.com/148x238.png/5fa2dd/ffffff', 'Bag - Clear 7 Lb', 81914, 1, 12, 1);
insert into item (created_at, comment, main_image_url, name, price, state, category_mid_id, shop_id) values ('2023-10-10T00:24:57Z', 'Lorem ipsum dolor sit amet, consectetuer adipiscing elit.', 'http://dummyimage.com/121x204.png/cc0000/ffffff', 'Zucchini - Green', 81480, 0, 1, 2);
insert into item (created_at, comment, main_image_url, name, price, state, category_mid_id, shop_id) values ('2023-01-02T17:12:51Z', 'Nulla tempus.', 'http://dummyimage.com/101x187.png/dddddd/000000', 'Dry Ice', 97084, 0, 3, 4);
insert into item (created_at, comment, main_image_url, name, price, state, category_mid_id, shop_id) values ('2023-05-17T01:38:49Z', 'In eleifend quam a odio.', 'http://dummyimage.com/178x110.png/dddddd/000000', 'Salmon - Atlantic, No Skin', 19274, 2, 10, 3);
insert into item (created_at, comment, main_image_url, name, price, state, category_mid_id, shop_id) values ('2023-07-05T08:40:56Z', 'Lorem ipsum dolor sit amet, consectetuer adipiscing elit.', 'http://dummyimage.com/224x106.png/cc0000/ffffff', 'Sage Derby', 83431, 0, 6, 5);
insert into item (created_at, comment, main_image_url, name, price, state, category_mid_id, shop_id) values ('2023-03-22T13:21:41Z', 'Nullam sit amet turpis elementum ligula vehicula consequat.', 'http://dummyimage.com/213x188.png/ff4444/ffffff', 'Jolt Cola - Electric Blue', 71211, 0, 13, 6);
insert into item (created_at, comment, main_image_url, name, price, state, category_mid_id, shop_id) values ('2022-10-14T09:57:35Z', 'Quisque porta volutpat erat.', 'http://dummyimage.com/146x216.png/ff4444/ffffff', 'Towel Multifold', 52321, 0, 5, 3);
insert into item (created_at, comment, main_image_url, name, price, state, category_mid_id, shop_id) values ('2023-05-02T02:22:04Z', 'Nunc rhoncus dui vel sem.', 'http://dummyimage.com/147x176.png/ff4444/ffffff', 'Fish - Base, Bouillion', 89276, 2, 5, 5);
insert into item (created_at, comment, main_image_url, name, price, state, category_mid_id, shop_id) values ('2023-07-16T08:56:33Z', 'Morbi non lectus.', 'http://dummyimage.com/205x117.png/5fa2dd/ffffff', 'Potatoes - Parissienne', 29146, 1, 11, 6);
insert into item (created_at, comment, main_image_url, name, price, state, category_mid_id, shop_id) values ('2023-04-06T19:04:41Z', 'Maecenas rhoncus aliquam lacus.', 'http://dummyimage.com/180x149.png/dddddd/000000', 'Lamb - Whole, Frozen', 82075, 0, 15, 5);
insert into item (created_at, comment, main_image_url, name, price, state, category_mid_id, shop_id) values ('2022-11-23T02:21:10Z', 'Suspendisse potenti.', 'http://dummyimage.com/230x222.png/cc0000/ffffff', 'Pastry - Chocolate Chip Muffin', 43709, 1, 8, 5);
insert into item (created_at, comment, main_image_url, name, price, state, category_mid_id, shop_id) values ('2023-09-11T15:57:24Z', 'In est risus, auctor sed, tristique in, tempus sit amet, sem.', 'http://dummyimage.com/228x195.png/ff4444/ffffff', 'Wood Chips - Regular', 77870, 2, 9, 7);
insert into item (created_at, comment, main_image_url, name, price, state, category_mid_id, shop_id) values ('2023-06-13T03:16:26Z', 'Donec posuere metus vitae ipsum.', 'http://dummyimage.com/149x123.png/5fa2dd/ffffff', 'Water - Tonic', 56957, 1, 1, 3);
insert into item (created_at, comment, main_image_url, name, price, state, category_mid_id, shop_id) values ('2023-09-04T21:14:22Z', 'Maecenas leo odio, condimentum id, luctus nec, molestie sed, justo.', 'http://dummyimage.com/139x149.png/ff4444/ffffff', 'Beef - Eye Of Round', 18712, 2, 10, 4);
insert into item (created_at, comment, main_image_url, name, price, state, category_mid_id, shop_id) values ('2023-03-09T20:26:38Z', 'Praesent blandit.', 'http://dummyimage.com/167x217.png/ff4444/ffffff', 'Sugar - Sweet N Low, Individual', 5137, 0, 7, 7);
insert into item (created_at, comment, main_image_url, name, price, state, category_mid_id, shop_id) values ('2023-05-04T01:43:01Z', 'Morbi porttitor lorem id ligula.', 'http://dummyimage.com/187x206.png/5fa2dd/ffffff', 'Cranberries - Dry', 50760, 2, 18, 1);
insert into item (created_at, comment, main_image_url, name, price, state, category_mid_id, shop_id) values ('2023-05-13T09:52:03Z', 'Proin interdum mauris non ligula pellentesque ultrices.', 'http://dummyimage.com/191x242.png/dddddd/000000', 'Nut - Almond, Blanched, Ground', 39930, 0, 10, 6);
insert into item (created_at, comment, main_image_url, name, price, state, category_mid_id, shop_id) values ('2022-11-20T03:54:49Z', 'Phasellus in felis.', 'http://dummyimage.com/228x164.png/dddddd/000000', 'Pasta - Fettuccine, Dry', 98429, 0, 7, 5);
insert into item (created_at, comment, main_image_url, name, price, state, category_mid_id, shop_id) values ('2023-06-24T18:27:22Z', 'Morbi ut odio.', 'http://dummyimage.com/201x186.png/dddddd/000000', 'Pastry - Mini French Pastries', 63691, 1, 7, 6);
insert into item (created_at, comment, main_image_url, name, price, state, category_mid_id, shop_id) values ('2023-03-24T05:33:28Z', 'Duis bibendum.', 'http://dummyimage.com/136x174.png/cc0000/ffffff', 'Lamb - Shoulder, Boneless', 90348, 1, 1, 7);
insert into item (created_at, comment, main_image_url, name, price, state, category_mid_id, shop_id) values ('2023-07-25T23:43:26Z', 'In hac habitasse platea dictumst.', 'http://dummyimage.com/109x103.png/cc0000/ffffff', 'Island Oasis - Magarita Mix', 49023, 0, 19, 3);
insert into item (created_at, comment, main_image_url, name, price, state, category_mid_id, shop_id) values ('2023-08-19T23:25:31Z', 'Aenean lectus.', 'http://dummyimage.com/211x102.png/dddddd/000000', 'Beans - Turtle, Black, Dry', 63550, 0, 8, 6);
insert into item (created_at, comment, main_image_url, name, price, state, category_mid_id, shop_id) values ('2023-07-31T20:08:19Z', 'Duis mattis egestas metus.', 'http://dummyimage.com/158x104.png/ff4444/ffffff', 'Spoon - Soup, Plastic', 69502, 2, 14, 3);
insert into item (created_at, comment, main_image_url, name, price, state, category_mid_id, shop_id) values ('2022-11-01T08:13:05Z', 'In sagittis dui vel nisl.', 'http://dummyimage.com/122x103.png/cc0000/ffffff', 'Oil - Cooking Spray', 97869, 1, 14, 5);
insert into item (created_at, comment, main_image_url, name, price, state, category_mid_id, shop_id) values ('2023-08-16T09:32:45Z', 'Nunc nisl.', 'http://dummyimage.com/154x212.png/cc0000/ffffff', 'Plate - Foam, Bread And Butter', 38368, 2, 1, 7);
insert into item (created_at, comment, main_image_url, name, price, state, category_mid_id, shop_id) values ('2022-11-26T00:04:21Z', 'Duis ac nibh.', 'http://dummyimage.com/240x125.png/ff4444/ffffff', 'Flower - Carnations', 45568, 2, 17, 7);
insert into item (created_at, comment, main_image_url, name, price, state, category_mid_id, shop_id) values ('2023-05-06T05:56:58Z', 'Aliquam non mauris.', 'http://dummyimage.com/113x248.png/ff4444/ffffff', 'Syrup - Monin, Swiss Choclate', 62611, 1, 9, 7);
insert into item (created_at, comment, main_image_url, name, price, state, category_mid_id, shop_id) values ('2023-03-15T16:29:39Z', 'Cras mi pede, malesuada in, imperdiet et, commodo vulputate, justo.', 'http://dummyimage.com/127x130.png/5fa2dd/ffffff', 'Pasta - Fusili Tri - Coloured', 25103, 0, 9, 4);
insert into item (created_at, comment, main_image_url, name, price, state, category_mid_id, shop_id) values ('2023-08-13T09:04:11Z', 'Sed ante.', 'http://dummyimage.com/108x144.png/ff4444/ffffff', 'Lentils - Green, Dry', 9380, 0, 18, 1);
insert into item (created_at, comment, main_image_url, name, price, state, category_mid_id, shop_id) values ('2022-12-02T15:00:52Z', 'Nunc nisl.', 'http://dummyimage.com/206x121.png/ff4444/ffffff', 'Pear - Halves', 25405, 0, 8, 6);
insert into item (created_at, comment, main_image_url, name, price, state, category_mid_id, shop_id) values ('2023-09-30T01:18:26Z', 'Aenean sit amet justo.', 'http://dummyimage.com/162x165.png/ff4444/ffffff', 'Chocolate Bar - Oh Henry', 95776, 2, 3, 2);
insert into item (created_at, comment, main_image_url, name, price, state, category_mid_id, shop_id) values ('2023-09-21T21:37:45Z', 'Nam congue, risus semper porta volutpat, quam pede lobortis ligula, sit amet eleifend pede libero quis orci.', 'http://dummyimage.com/124x104.png/ff4444/ffffff', 'Cheese - Brie,danish', 77703, 1, 16, 7);
insert into item (created_at, comment, main_image_url, name, price, state, category_mid_id, shop_id) values ('2022-10-18T09:45:14Z', 'Pellentesque eget nunc.', 'http://dummyimage.com/135x108.png/5fa2dd/ffffff', 'Carrots - Jumbo', 3077, 0, 14, 3);
insert into item (created_at, comment, main_image_url, name, price, state, category_mid_id, shop_id) values ('2023-08-06T19:50:43Z', 'Vestibulum ante ipsum primis in faucibus orci luctus et ultrices posuere cubilia Curae; Nulla dapibus dolor vel est.', 'http://dummyimage.com/122x162.png/dddddd/000000', 'Ham - Procutinni', 51932, 2, 1, 7);
insert into item (created_at, comment, main_image_url, name, price, state, category_mid_id, shop_id) values ('2023-02-14T06:11:01Z', 'Etiam justo.', 'http://dummyimage.com/244x183.png/dddddd/000000', 'Pasta - Gnocchi, Potato', 32899, 1, 15, 1);
insert into item (created_at, comment, main_image_url, name, price, state, category_mid_id, shop_id) values ('2023-04-04T09:35:41Z', 'Fusce congue, diam id ornare imperdiet, sapien urna pretium nisl, ut volutpat sapien arcu sed augue.', 'http://dummyimage.com/119x175.png/ff4444/ffffff', 'Bread - Bagels, Plain', 53395, 0, 9, 1);
insert into item (created_at, comment, main_image_url, name, price, state, category_mid_id, shop_id) values ('2023-08-25T12:04:36Z', 'Vestibulum rutrum rutrum neque.', 'http://dummyimage.com/200x143.png/ff4444/ffffff', 'Cookies - Englishbay Oatmeal', 80199, 1, 1, 1);
insert into item (created_at, comment, main_image_url, name, price, state, category_mid_id, shop_id) values ('2023-02-09T14:05:00Z', 'Morbi quis tortor id nulla ultrices aliquet.', 'http://dummyimage.com/247x178.png/5fa2dd/ffffff', 'Schnappes Peppermint - Walker', 3947, 2, 11, 6);
insert into item (created_at, comment, main_image_url, name, price, state, category_mid_id, shop_id) values ('2022-12-02T00:52:05Z', 'Cras non velit nec nisi vulputate nonummy.', 'http://dummyimage.com/241x155.png/cc0000/ffffff', 'Spice - Onion Powder Granulated', 95065, 1, 20, 5);
insert into item (created_at, comment, main_image_url, name, price, state, category_mid_id, shop_id) values ('2023-01-26T11:44:17Z', 'Integer a nibh.', 'http://dummyimage.com/243x188.png/5fa2dd/ffffff', 'Irish Cream - Baileys', 67735, 2, 13, 2);
insert into item (created_at, comment, main_image_url, name, price, state, category_mid_id, shop_id) values ('2023-03-23T10:47:16Z', 'Nam dui.', 'http://dummyimage.com/191x191.png/cc0000/ffffff', 'Monkfish Fresh - Skin Off', 63954, 1, 16, 7);
insert into item (created_at, comment, main_image_url, name, price, state, category_mid_id, shop_id) values ('2023-05-12T05:56:33Z', 'Ut tellus.', 'http://dummyimage.com/143x119.png/cc0000/ffffff', 'Chicken - Base, Ultimate', 93963, 0, 17, 5);
insert into item (created_at, comment, main_image_url, name, price, state, category_mid_id, shop_id) values ('2023-02-28T14:12:07Z', 'Curabitur at ipsum ac tellus semper interdum.', 'http://dummyimage.com/141x121.png/5fa2dd/ffffff', 'Lamb - Loin Chops', 3319, 0, 8, 4);
insert into item (created_at, comment, main_image_url, name, price, state, category_mid_id, shop_id) values ('2023-03-02T17:26:10Z', 'Aenean lectus.', 'http://dummyimage.com/176x217.png/dddddd/000000', 'Tart Shells - Savory, 3', 35827, 2, 5, 6);
insert into item (created_at, comment, main_image_url, name, price, state, category_mid_id, shop_id) values ('2023-01-09T18:41:29Z', 'Cras mi pede, malesuada in, imperdiet et, commodo vulputate, justo.', 'http://dummyimage.com/236x208.png/5fa2dd/ffffff', 'Melon - Watermelon Yellow', 15045, 1, 20, 5);
insert into item (created_at, comment, main_image_url, name, price, state, category_mid_id, shop_id) values ('2023-06-04T12:05:47Z', 'Vestibulum ante ipsum primis in faucibus orci luctus et ultrices posuere cubilia Curae; Duis faucibus accumsan odio.', 'http://dummyimage.com/142x130.png/5fa2dd/ffffff', 'Sunflower Seed Raw', 87347, 1, 18, 6);
insert into item (created_at, comment, main_image_url, name, price, state, category_mid_id, shop_id) values ('2023-05-22T06:07:01Z', 'Fusce posuere felis sed lacus.', 'http://dummyimage.com/121x215.png/dddddd/000000', 'Table Cloth 54x54 Colour', 37809, 1, 16, 6);
insert into item (created_at, comment, main_image_url, name, price, state, category_mid_id, shop_id) values ('2023-05-11T19:31:48Z', 'Nam nulla.', 'http://dummyimage.com/146x102.png/cc0000/ffffff', 'Chips - Assorted', 87831, 1, 6, 7);
insert into item (created_at, comment, main_image_url, name, price, state, category_mid_id, shop_id) values ('2023-07-29T10:53:43Z', 'Lorem ipsum dolor sit amet, consectetuer adipiscing elit.', 'http://dummyimage.com/248x131.png/dddddd/000000', 'Strawberries', 60019, 2, 10, 5);
insert into item (created_at, comment, main_image_url, name, price, state, category_mid_id, shop_id) values ('2022-12-28T07:02:02Z', 'Mauris lacinia sapien quis libero.', 'http://dummyimage.com/189x141.png/5fa2dd/ffffff', 'Extract - Vanilla,artificial', 43753, 1, 16, 3);
insert into item (created_at, comment, main_image_url, name, price, state, category_mid_id, shop_id) values ('2022-12-10T19:28:10Z', 'Fusce lacus purus, aliquet at, feugiat non, pretium quis, lectus.', 'http://dummyimage.com/201x163.png/cc0000/ffffff', 'Water - Spring Water, 355 Ml', 87199, 2, 17, 5);
insert into item (created_at, comment, main_image_url, name, price, state, category_mid_id, shop_id) values ('2022-11-16T21:21:11Z', 'Nam nulla.', 'http://dummyimage.com/230x240.png/5fa2dd/ffffff', 'Chickensplit Half', 48540, 1, 9, 1);
insert into item (created_at, comment, main_image_url, name, price, state, category_mid_id, shop_id) values ('2023-06-15T10:19:35Z', 'In sagittis dui vel nisl.', 'http://dummyimage.com/100x220.png/dddddd/000000', 'Vaccum Bag 10x13', 1231, 1, 9, 1);
insert into item (created_at, comment, main_image_url, name, price, state, category_mid_id, shop_id) values ('2022-12-05T22:27:19Z', 'Donec semper sapien a libero.', 'http://dummyimage.com/224x238.png/5fa2dd/ffffff', 'Quinoa', 77575, 2, 4, 6);
insert into item (created_at, comment, main_image_url, name, price, state, category_mid_id, shop_id) values ('2023-04-26T16:47:42Z', 'Cras mi pede, malesuada in, imperdiet et, commodo vulputate, justo.', 'http://dummyimage.com/178x230.png/dddddd/000000', 'Shrimp - 21/25, Peel And Deviened', 2823, 1, 5, 1);
insert into item (created_at, comment, main_image_url, name, price, state, category_mid_id, shop_id) values ('2022-10-25T16:02:34Z', 'Integer non velit.', 'http://dummyimage.com/201x171.png/dddddd/000000', 'Lamb - Whole, Frozen', 57942, 2, 3, 3);
insert into item (created_at, comment, main_image_url, name, price, state, category_mid_id, shop_id) values ('2023-02-17T19:08:35Z', 'Nullam molestie nibh in lectus.', 'http://dummyimage.com/104x137.png/5fa2dd/ffffff', 'Veal - Brisket, Provimi,bnls', 86092, 1, 9, 2);
insert into item (created_at, comment, main_image_url, name, price, state, category_mid_id, shop_id) values ('2022-12-17T15:11:51Z', 'In congue.', 'http://dummyimage.com/185x150.png/ff4444/ffffff', 'Squeeze Bottle', 99713, 2, 13, 7);
insert into item (created_at, comment, main_image_url, name, price, state, category_mid_id, shop_id) values ('2023-09-29T21:13:13Z', 'Nulla mollis molestie lorem.', 'http://dummyimage.com/100x229.png/cc0000/ffffff', 'Muffin Mix - Raisin Bran', 40971, 1, 18, 3);
insert into item (created_at, comment, main_image_url, name, price, state, category_mid_id, shop_id) values ('2023-08-28T19:39:31Z', 'Nulla suscipit ligula in lacus.', 'http://dummyimage.com/132x240.png/5fa2dd/ffffff', 'Puree - Raspberry', 48586, 0, 2, 1);
insert into item (created_at, comment, main_image_url, name, price, state, category_mid_id, shop_id) values ('2022-10-21T07:38:56Z', 'Nulla neque libero, convallis eget, eleifend luctus, ultricies eu, nibh.', 'http://dummyimage.com/148x166.png/dddddd/000000', 'Pepper Squash', 78806, 2, 11, 5);
insert into item (created_at, comment, main_image_url, name, price, state, category_mid_id, shop_id) values ('2023-01-05T14:32:02Z', 'Donec ut dolor.', 'http://dummyimage.com/121x208.png/ff4444/ffffff', 'Wine - Clavet Saint Emilion', 31154, 2, 3, 2);
insert into item (created_at, comment, main_image_url, name, price, state, category_mid_id, shop_id) values ('2023-05-13T21:56:21Z', 'Aenean sit amet justo.', 'http://dummyimage.com/103x121.png/cc0000/ffffff', 'Muffin - Carrot Individual Wrap', 1295, 1, 20, 3);
insert into item (created_at, comment, main_image_url, name, price, state, category_mid_id, shop_id) values ('2023-03-17T19:49:02Z', 'Morbi vestibulum, velit id pretium iaculis, diam erat fermentum justo, nec condimentum neque sapien placerat ante.', 'http://dummyimage.com/246x173.png/cc0000/ffffff', 'Energy Drink', 20239, 1, 9, 4);
insert into item (created_at, comment, main_image_url, name, price, state, category_mid_id, shop_id) values ('2023-09-30T18:08:47Z', 'Morbi porttitor lorem id ligula.', 'http://dummyimage.com/114x152.png/5fa2dd/ffffff', 'Appetizer - Escargot Puff', 17661, 2, 13, 1);
insert into item (created_at, comment, main_image_url, name, price, state, category_mid_id, shop_id) values ('2023-04-12T03:11:20Z', 'Fusce congue, diam id ornare imperdiet, sapien urna pretium nisl, ut volutpat sapien arcu sed augue.', 'http://dummyimage.com/209x116.png/dddddd/000000', 'Wine - Blue Nun Qualitatswein', 76333, 1, 14, 2);
insert into item (created_at, comment, main_image_url, name, price, state, category_mid_id, shop_id) values ('2023-06-17T15:06:34Z', 'Vestibulum rutrum rutrum neque.', 'http://dummyimage.com/153x156.png/cc0000/ffffff', 'Onions - Vidalia', 84977, 1, 13, 4);
insert into item (created_at, comment, main_image_url, name, price, state, category_mid_id, shop_id) values ('2023-03-03T20:15:16Z', 'Nulla tempus.', 'http://dummyimage.com/229x246.png/cc0000/ffffff', 'Flour - Pastry', 18432, 0, 16, 7);
insert into item (created_at, comment, main_image_url, name, price, state, category_mid_id, shop_id) values ('2023-04-22T14:23:11Z', 'Suspendisse potenti.', 'http://dummyimage.com/138x210.png/5fa2dd/ffffff', 'Danishes - Mini Raspberry', 58943, 0, 10, 4);
insert into item (created_at, comment, main_image_url, name, price, state, category_mid_id, shop_id) values ('2023-10-04T10:10:45Z', 'Phasellus sit amet erat.', 'http://dummyimage.com/161x189.png/ff4444/ffffff', 'Beer - Alexander Kieths, Pale Ale', 77948, 0, 1, 4);
insert into item (created_at, comment, main_image_url, name, price, state, category_mid_id, shop_id) values ('2023-07-08T14:14:04Z', 'Fusce consequat.', 'http://dummyimage.com/241x111.png/dddddd/000000', 'Cheese - Mascarpone', 81851, 2, 20, 3);
insert into item (created_at, comment, main_image_url, name, price, state, category_mid_id, shop_id) values ('2023-02-27T14:14:18Z', 'Ut tellus.', 'http://dummyimage.com/203x178.png/5fa2dd/ffffff', 'Longos - Greek Salad', 58313, 1, 19, 5);
insert into item (created_at, comment, main_image_url, name, price, state, category_mid_id, shop_id) values ('2023-05-08T19:53:20Z', 'Pellentesque eget nunc.', 'http://dummyimage.com/202x142.png/dddddd/000000', 'Soup - Beef Conomme, Dry', 38278, 2, 18, 1);
insert into item (created_at, comment, main_image_url, name, price, state, category_mid_id, shop_id) values ('2023-03-25T12:07:39Z', 'Nulla ac enim.', 'http://dummyimage.com/152x152.png/cc0000/ffffff', 'Broom And Brush Rack Black', 84698, 2, 6, 2);
insert into item (created_at, comment, main_image_url, name, price, state, category_mid_id, shop_id) values ('2022-10-29T11:49:54Z', 'Vivamus metus arcu, adipiscing molestie, hendrerit at, vulputate vitae, nisl.', 'http://dummyimage.com/116x118.png/cc0000/ffffff', 'Sultanas', 51365, 1, 14, 1);
insert into item (created_at, comment, main_image_url, name, price, state, category_mid_id, shop_id) values ('2023-06-18T06:38:08Z', 'Nam ultrices, libero non mattis pulvinar, nulla pede ullamcorper augue, a suscipit nulla elit ac nulla.', 'http://dummyimage.com/134x211.png/dddddd/000000', 'Sun - Dried Tomatoes', 15433, 2, 4, 7);
insert into item (created_at, comment, main_image_url, name, price, state, category_mid_id, shop_id) values ('2023-05-21T10:09:59Z', 'Morbi non quam nec dui luctus rutrum.', 'http://dummyimage.com/141x227.png/5fa2dd/ffffff', 'Coffee - Ristretto Coffee Capsule', 24322, 0, 13, 3);

insert into item_location (item_id, name, latitude, longitude) values (1, '732 Dapin Plaza', '937', '137');
insert into item_location (item_id, name, latitude, longitude) values (2, '10 Corscot Parkway', '077', '548');
insert into item_location (item_id, name, latitude, longitude) values (3, '45856 Ryan Hill', '410', '515');
insert into item_location (item_id, name, latitude, longitude) values (4, '40678 3rd Road', '004', '242');
insert into item_location (item_id, name, latitude, longitude) values (5, '2 Ilene Junction', '919', '854');
insert into item_location (item_id, name, latitude, longitude) values (6, '9136 Clemons Plaza', '506', '074');
insert into item_location (item_id, name, latitude, longitude) values (7, '3 Schiller Point', '996', '560');
insert into item_location (item_id, name, latitude, longitude) values (8, '7 Mandrake Street', '400', '587');
insert into item_location (item_id, name, latitude, longitude) values (9, '66 Havey Circle', '074', '711');
insert into item_location (item_id, name, latitude, longitude) values (10, '3077 Dennis Plaza', '994', '220');
insert into item_location (item_id, name, latitude, longitude) values (11, '8783 Melody Hill', '373', '336');
insert into item_location (item_id, name, latitude, longitude) values (12, '613 Red Cloud Terrace', '095', '473');
insert into item_location (item_id, name, latitude, longitude) values (13, '55772 Summer Ridge Plaza', '754', '688');
insert into item_location (item_id, name, latitude, longitude) values (14, '83 Union Place', '188', '590');
insert into item_location (item_id, name, latitude, longitude) values (15, '93 Brown Court', '148', '082');
insert into item_location (item_id, name, latitude, longitude) values (16, '1894 Crest Line Avenue', '961', '684');
insert into item_location (item_id, name, latitude, longitude) values (17, '9 Northport Road', '754', '278');
insert into item_location (item_id, name, latitude, longitude) values (18, '3791 Main Lane', '007', '795');
insert into item_location (item_id, name, latitude, longitude) values (19, '4838 Goodland Lane', '764', '450');
insert into item_location (item_id, name, latitude, longitude) values (20, '8 Blue Bill Park Avenue', '179', '516');
insert into item_location (item_id, name, latitude, longitude) values (21, '66888 Eagle Crest Road', '321', '257');
insert into item_location (item_id, name, latitude, longitude) values (22, '138 Starling Crossing', '982', '752');
insert into item_location (item_id, name, latitude, longitude) values (23, '8 Swallow Way', '910', '033');
insert into item_location (item_id, name, latitude, longitude) values (24, '65566 Eagan Crossing', '287', '030');
insert into item_location (item_id, name, latitude, longitude) values (25, '16 Oak Valley Circle', '656', '808');
insert into item_location (item_id, name, latitude, longitude) values (26, '459 Heath Circle', '696', '769');
insert into item_location (item_id, name, latitude, longitude) values (27, '8 Independence Trail', '901', '581');
insert into item_location (item_id, name, latitude, longitude) values (28, '70 Buena Vista Road', '612', '036');
insert into item_location (item_id, name, latitude, longitude) values (29, '2317 Tennessee Circle', '077', '212');
insert into item_location (item_id, name, latitude, longitude) values (30, '804 Merchant Parkway', '391', '197');
insert into item_location (item_id, name, latitude, longitude) values (31, '40042 Old Gate Parkway', '678', '904');
insert into item_location (item_id, name, latitude, longitude) values (32, '5504 Fordem Junction', '006', '981');
insert into item_location (item_id, name, latitude, longitude) values (33, '486 Melrose Place', '469', '233');
insert into item_location (item_id, name, latitude, longitude) values (34, '8 Birchwood Crossing', '530', '241');
insert into item_location (item_id, name, latitude, longitude) values (35, '18621 Trailsway Avenue', '754', '912');
insert into item_location (item_id, name, latitude, longitude) values (36, '11749 Straubel Drive', '625', '089');
insert into item_location (item_id, name, latitude, longitude) values (37, '1 Porter Crossing', '102', '117');
insert into item_location (item_id, name, latitude, longitude) values (38, '0 Buell Road', '233', '478');
insert into item_location (item_id, name, latitude, longitude) values (39, '864 Hanson Alley', '760', '169');
insert into item_location (item_id, name, latitude, longitude) values (40, '475 Sachs Place', '548', '449');
insert into item_location (item_id, name, latitude, longitude) values (41, '5 Lien Trail', '104', '516');
insert into item_location (item_id, name, latitude, longitude) values (42, '7 Jay Trail', '056', '360');
insert into item_location (item_id, name, latitude, longitude) values (43, '59 Debs Terrace', '503', '446');
insert into item_location (item_id, name, latitude, longitude) values (44, '4 Burning Wood Alley', '884', '154');
insert into item_location (item_id, name, latitude, longitude) values (45, '98 Kim Street', '172', '325');
insert into item_location (item_id, name, latitude, longitude) values (46, '4 Harbort Drive', '692', '203');
insert into item_location (item_id, name, latitude, longitude) values (47, '9 Lindbergh Hill', '303', '026');
insert into item_location (item_id, name, latitude, longitude) values (48, '94 Declaration Park', '300', '400');
insert into item_location (item_id, name, latitude, longitude) values (49, '462 Basil Terrace', '620', '293');
insert into item_location (item_id, name, latitude, longitude) values (50, '36050 Browning Pass', '253', '395');
insert into item_location (item_id, name, latitude, longitude) values (51, '03 South Terrace', '625', '495');
insert into item_location (item_id, name, latitude, longitude) values (52, '59 Sunnyside Way', '308', '945');
insert into item_location (item_id, name, latitude, longitude) values (53, '3 Lunder Way', '596', '082');
insert into item_location (item_id, name, latitude, longitude) values (54, '609 5th Center', '021', '085');
insert into item_location (item_id, name, latitude, longitude) values (55, '596 Charing Cross Place', '701', '869');
insert into item_location (item_id, name, latitude, longitude) values (56, '33166 Meadow Valley Parkway', '353', '827');
insert into item_location (item_id, name, latitude, longitude) values (57, '0664 Manitowish Court', '203', '360');
insert into item_location (item_id, name, latitude, longitude) values (58, '76026 Stoughton Point', '669', '892');
insert into item_location (item_id, name, latitude, longitude) values (59, '55451 Garrison Pass', '883', '807');
insert into item_location (item_id, name, latitude, longitude) values (60, '63729 Florence Plaza', '161', '303');
insert into item_location (item_id, name, latitude, longitude) values (61, '6978 Prentice Hill', '834', '831');
insert into item_location (item_id, name, latitude, longitude) values (62, '55 Coolidge Pass', '929', '968');
insert into item_location (item_id, name, latitude, longitude) values (63, '911 Hooker Pass', '134', '210');
insert into item_location (item_id, name, latitude, longitude) values (64, '17 Gerald Road', '141', '467');
insert into item_location (item_id, name, latitude, longitude) values (65, '1 Stoughton Avenue', '909', '847');
insert into item_location (item_id, name, latitude, longitude) values (66, '98142 Sugar Parkway', '108', '771');
insert into item_location (item_id, name, latitude, longitude) values (67, '441 Mariners Cove Pass', '749', '512');
insert into item_location (item_id, name, latitude, longitude) values (68, '66 Raven Point', '199', '575');
insert into item_location (item_id, name, latitude, longitude) values (69, '3 Arizona Street', '415', '478');
insert into item_location (item_id, name, latitude, longitude) values (70, '88550 Wayridge Parkway', '853', '528');
insert into item_location (item_id, name, latitude, longitude) values (71, '66 Old Gate Trail', '789', '936');
insert into item_location (item_id, name, latitude, longitude) values (72, '37611 Jay Trail', '077', '363');
insert into item_location (item_id, name, latitude, longitude) values (73, '5 Banding Way', '079', '198');
insert into item_location (item_id, name, latitude, longitude) values (74, '33 Continental Drive', '355', '106');
insert into item_location (item_id, name, latitude, longitude) values (75, '67 Trailsway Street', '471', '679');
insert into item_location (item_id, name, latitude, longitude) values (76, '8625 Esch Circle', '208', '270');
insert into item_location (item_id, name, latitude, longitude) values (77, '8 Scott Point', '956', '934');
insert into item_location (item_id, name, latitude, longitude) values (78, '6 Mccormick Lane', '402', '811');
insert into item_location (item_id, name, latitude, longitude) values (79, '92354 Pennsylvania Circle', '330', '739');
insert into item_location (item_id, name, latitude, longitude) values (80, '5 Chinook Hill', '140', '682');
insert into item_location (item_id, name, latitude, longitude) values (81, '593 Mcguire Park', '668', '096');
insert into item_location (item_id, name, latitude, longitude) values (82, '15 Little Fleur Alley', '732', '310');
insert into item_location (item_id, name, latitude, longitude) values (83, '36 Elgar Terrace', '287', '953');
insert into item_location (item_id, name, latitude, longitude) values (84, '273 Porter Road', '062', '232');
insert into item_location (item_id, name, latitude, longitude) values (85, '199 Artisan Way', '659', '313');
insert into item_location (item_id, name, latitude, longitude) values (86, '920 Elka Way', '409', '431');
insert into item_location (item_id, name, latitude, longitude) values (87, '0805 6th Way', '198', '917');
insert into item_location (item_id, name, latitude, longitude) values (88, '5546 2nd Point', '136', '382');
insert into item_location (item_id, name, latitude, longitude) values (89, '4 Oak Circle', '162', '541');
insert into item_location (item_id, name, latitude, longitude) values (90, '83266 Lake View Junction', '936', '645');
insert into item_location (item_id, name, latitude, longitude) values (91, '1340 Norway Maple Hill', '017', '393');
insert into item_location (item_id, name, latitude, longitude) values (92, '639 Eastwood Way', '974', '524');
insert into item_location (item_id, name, latitude, longitude) values (93, '1193 Ronald Regan Circle', '744', '597');
insert into item_location (item_id, name, latitude, longitude) values (94, '560 Loeprich Lane', '083', '332');
insert into item_location (item_id, name, latitude, longitude) values (95, '17290 Kingsford Crossing', '604', '667');
insert into item_location (item_id, name, latitude, longitude) values (96, '36 Carey Road', '828', '142');
insert into item_location (item_id, name, latitude, longitude) values (97, '4865 Iowa Parkway', '236', '532');
insert into item_location (item_id, name, latitude, longitude) values (98, '915 Mitchell Lane', '424', '272');
insert into item_location (item_id, name, latitude, longitude) values (99, '1441 Esch Lane', '874', '914');
insert into item_location (item_id, name, latitude, longitude) values (100, '37 Boyd Lane', '726', '839');
insert into item_location (item_id, name, latitude, longitude) values (101, '340 Porter Place', '793', '143');
insert into item_location (item_id, name, latitude, longitude) values (102, '63676 4th Pass', '987', '192');
insert into item_location (item_id, name, latitude, longitude) values (103, '96 Arizona Parkway', '231', '963');
insert into item_location (item_id, name, latitude, longitude) values (104, '65 Kropf Park', '539', '399');
insert into item_location (item_id, name, latitude, longitude) values (105, '5 Summer Ridge Center', '021', '835');
insert into item_location (item_id, name, latitude, longitude) values (106, '163 Saint Paul Pass', '139', '340');
insert into item_location (item_id, name, latitude, longitude) values (107, '896 Walton Circle', '416', '071');
insert into item_location (item_id, name, latitude, longitude) values (108, '1 Sommers Drive', '673', '801');
insert into item_location (item_id, name, latitude, longitude) values (109, '649 Springs Junction', '736', '370');
insert into item_location (item_id, name, latitude, longitude) values (110, '019 Colorado Parkway', '757', '689');
insert into item_location (item_id, name, latitude, longitude) values (111, '86465 American Ash Way', '361', '545');
insert into item_location (item_id, name, latitude, longitude) values (112, '23 Village Center', '901', '180');
insert into item_location (item_id, name, latitude, longitude) values (113, '61 Ramsey Way', '456', '850');
insert into item_location (item_id, name, latitude, longitude) values (114, '272 Gale Terrace', '269', '602');
insert into item_location (item_id, name, latitude, longitude) values (115, '533 Scoville Avenue', '480', '738');
insert into item_location (item_id, name, latitude, longitude) values (116, '163 Caliangt Parkway', '159', '939');
insert into item_location (item_id, name, latitude, longitude) values (117, '962 Summerview Park', '995', '423');
insert into item_location (item_id, name, latitude, longitude) values (118, '7441 Lindbergh Crossing', '385', '003');
insert into item_location (item_id, name, latitude, longitude) values (119, '02 Blue Bill Park Point', '528', '302');
insert into item_location (item_id, name, latitude, longitude) values (120, '6 Carberry Crossing', '521', '235');
insert into item_location (item_id, name, latitude, longitude) values (121, '58 Dennis Center', '944', '728');
insert into item_location (item_id, name, latitude, longitude) values (122, '0046 Fordem Court', '981', '079');
insert into item_location (item_id, name, latitude, longitude) values (123, '5270 Katie Junction', '246', '683');
insert into item_location (item_id, name, latitude, longitude) values (124, '451 Roxbury Point', '216', '878');
insert into item_location (item_id, name, latitude, longitude) values (125, '215 Mayer Place', '508', '084');
insert into item_location (item_id, name, latitude, longitude) values (126, '4210 Knutson Drive', '975', '212');
insert into item_location (item_id, name, latitude, longitude) values (127, '5 South Point', '006', '447');
insert into item_location (item_id, name, latitude, longitude) values (128, '20 Carpenter Plaza', '878', '342');
insert into item_location (item_id, name, latitude, longitude) values (129, '160 Springview Trail', '086', '540');
insert into item_location (item_id, name, latitude, longitude) values (130, '38 Spaight Center', '855', '948');
insert into item_location (item_id, name, latitude, longitude) values (131, '33 Twin Pines Crossing', '811', '796');
insert into item_location (item_id, name, latitude, longitude) values (132, '2178 Portage Terrace', '726', '384');
insert into item_location (item_id, name, latitude, longitude) values (133, '73 Trailsway Pass', '025', '829');
insert into item_location (item_id, name, latitude, longitude) values (134, '49120 Milwaukee Terrace', '036', '704');
insert into item_location (item_id, name, latitude, longitude) values (135, '161 Veith Pass', '838', '739');
insert into item_location (item_id, name, latitude, longitude) values (136, '303 Lerdahl Plaza', '985', '882');
insert into item_location (item_id, name, latitude, longitude) values (137, '726 Elgar Center', '947', '799');
insert into item_location (item_id, name, latitude, longitude) values (138, '12529 Wayridge Park', '837', '896');
insert into item_location (item_id, name, latitude, longitude) values (139, '2789 Killdeer Lane', '539', '563');
insert into item_location (item_id, name, latitude, longitude) values (140, '10 Emmet Center', '597', '157');
insert into item_location (item_id, name, latitude, longitude) values (141, '66 Dwight Court', '126', '087');
insert into item_location (item_id, name, latitude, longitude) values (142, '8 Cottonwood Alley', '258', '703');
insert into item_location (item_id, name, latitude, longitude) values (143, '4 Crescent Oaks Trail', '535', '433');
insert into item_location (item_id, name, latitude, longitude) values (144, '656 Hanover Alley', '088', '496');
insert into item_location (item_id, name, latitude, longitude) values (145, '1028 Bashford Park', '042', '483');
insert into item_location (item_id, name, latitude, longitude) values (146, '19295 Corry Plaza', '052', '845');
insert into item_location (item_id, name, latitude, longitude) values (147, '4 Bonner Pass', '661', '383');
insert into item_location (item_id, name, latitude, longitude) values (148, '8491 Forest Dale Way', '251', '669');
insert into item_location (item_id, name, latitude, longitude) values (149, '048 Moland Road', '823', '392');
insert into item_location (item_id, name, latitude, longitude) values (150, '32712 Katie Terrace', '956', '040');
insert into item_location (item_id, name, latitude, longitude) values (151, '46147 Clarendon Place', '528', '091');
insert into item_location (item_id, name, latitude, longitude) values (152, '8099 Debra Drive', '531', '177');
insert into item_location (item_id, name, latitude, longitude) values (153, '9 Bartelt Point', '692', '991');
insert into item_location (item_id, name, latitude, longitude) values (154, '13 Caliangt Road', '339', '766');
insert into item_location (item_id, name, latitude, longitude) values (155, '18886 Merrick Park', '588', '904');
insert into item_location (item_id, name, latitude, longitude) values (156, '0 Duke Pass', '422', '606');
insert into item_location (item_id, name, latitude, longitude) values (157, '92414 Dawn Alley', '758', '506');
insert into item_location (item_id, name, latitude, longitude) values (158, '0931 Mendota Trail', '061', '100');
insert into item_location (item_id, name, latitude, longitude) values (159, '7909 Dexter Alley', '392', '158');
insert into item_location (item_id, name, latitude, longitude) values (160, '944 Dakota Center', '028', '924');
insert into item_location (item_id, name, latitude, longitude) values (161, '23 Redwing Plaza', '655', '101');
insert into item_location (item_id, name, latitude, longitude) values (162, '6028 North Avenue', '123', '732');
insert into item_location (item_id, name, latitude, longitude) values (163, '282 Stoughton Trail', '116', '167');
insert into item_location (item_id, name, latitude, longitude) values (164, '91 Corscot Parkway', '775', '078');
insert into item_location (item_id, name, latitude, longitude) values (165, '660 Arrowood Pass', '796', '099');
insert into item_location (item_id, name, latitude, longitude) values (166, '6 Huxley Street', '175', '369');
insert into item_location (item_id, name, latitude, longitude) values (167, '57 Starling Street', '992', '841');
insert into item_location (item_id, name, latitude, longitude) values (168, '3317 Pond Pass', '706', '860');
insert into item_location (item_id, name, latitude, longitude) values (169, '1 Jenna Circle', '721', '947');
insert into item_location (item_id, name, latitude, longitude) values (170, '09392 Anderson Pass', '434', '265');
insert into item_location (item_id, name, latitude, longitude) values (171, '17404 Mallory Street', '600', '882');
insert into item_location (item_id, name, latitude, longitude) values (172, '194 Waxwing Avenue', '952', '867');
insert into item_location (item_id, name, latitude, longitude) values (173, '64 Mandrake Trail', '809', '595');
insert into item_location (item_id, name, latitude, longitude) values (174, '0 Lake View Center', '835', '243');
insert into item_location (item_id, name, latitude, longitude) values (175, '62957 Wayridge Point', '509', '661');
insert into item_location (item_id, name, latitude, longitude) values (176, '7 Northland Pass', '174', '300');
insert into item_location (item_id, name, latitude, longitude) values (177, '9 Corry Place', '425', '470');
insert into item_location (item_id, name, latitude, longitude) values (178, '7 Veith Alley', '272', '931');
insert into item_location (item_id, name, latitude, longitude) values (179, '48 Golf Course Hill', '985', '604');
insert into item_location (item_id, name, latitude, longitude) values (180, '59134 Parkside Road', '418', '378');
insert into item_location (item_id, name, latitude, longitude) values (181, '5295 Oxford Drive', '771', '120');
insert into item_location (item_id, name, latitude, longitude) values (182, '113 South Way', '047', '444');
insert into item_location (item_id, name, latitude, longitude) values (183, '2219 Anderson Parkway', '419', '639');
insert into item_location (item_id, name, latitude, longitude) values (184, '9736 3rd Drive', '377', '405');
insert into item_location (item_id, name, latitude, longitude) values (185, '54508 Ridgeview Drive', '331', '230');
insert into item_location (item_id, name, latitude, longitude) values (186, '180 Cardinal Parkway', '991', '109');
insert into item_location (item_id, name, latitude, longitude) values (187, '6 Pine View Plaza', '059', '072');
insert into item_location (item_id, name, latitude, longitude) values (188, '901 Granby Terrace', '928', '587');
insert into item_location (item_id, name, latitude, longitude) values (189, '0805 Trailsway Avenue', '520', '498');
insert into item_location (item_id, name, latitude, longitude) values (190, '70 Derek Circle', '401', '275');
insert into item_location (item_id, name, latitude, longitude) values (191, '6673 Forest Run Circle', '461', '592');
insert into item_location (item_id, name, latitude, longitude) values (192, '5 Transport Road', '251', '850');
insert into item_location (item_id, name, latitude, longitude) values (193, '89 Kings Junction', '460', '721');
insert into item_location (item_id, name, latitude, longitude) values (194, '4 Logan Lane', '331', '294');
insert into item_location (item_id, name, latitude, longitude) values (195, '83974 Judy Point', '465', '279');
insert into item_location (item_id, name, latitude, longitude) values (196, '7813 Moulton Court', '064', '316');
insert into item_location (item_id, name, latitude, longitude) values (197, '54375 Harbort Parkway', '356', '092');
insert into item_location (item_id, name, latitude, longitude) values (198, '52 Melrose Lane', '338', '519');
insert into item_location (item_id, name, latitude, longitude) values (199, '9 Surrey Pass', '783', '792');
insert into item_location (item_id, name, latitude, longitude) values (200, '239 Summerview Lane', '153', '379');

insert into item_sub_images (item_id, sub_image_url) values (1, 'http://dummyimage.com/225x132.png/dddddd/000000');
insert into item_sub_images (item_id, sub_image_url) values (2, 'http://dummyimage.com/138x228.png/ff4444/ffffff');
insert into item_sub_images (item_id, sub_image_url) values (3, 'http://dummyimage.com/135x212.png/5fa2dd/ffffff');
insert into item_sub_images (item_id, sub_image_url) values (4, 'http://dummyimage.com/134x111.png/cc0000/ffffff');
insert into item_sub_images (item_id, sub_image_url) values (5, 'http://dummyimage.com/243x215.png/dddddd/000000');
insert into item_sub_images (item_id, sub_image_url) values (6, 'http://dummyimage.com/203x103.png/5fa2dd/ffffff');
insert into item_sub_images (item_id, sub_image_url) values (7, 'http://dummyimage.com/221x176.png/ff4444/ffffff');
insert into item_sub_images (item_id, sub_image_url) values (8, 'http://dummyimage.com/249x177.png/ff4444/ffffff');
insert into item_sub_images (item_id, sub_image_url) values (9, 'http://dummyimage.com/219x166.png/5fa2dd/ffffff');
insert into item_sub_images (item_id, sub_image_url) values (10, 'http://dummyimage.com/146x117.png/ff4444/ffffff');
insert into item_sub_images (item_id, sub_image_url) values (11, 'http://dummyimage.com/137x112.png/dddddd/000000');
insert into item_sub_images (item_id, sub_image_url) values (12, 'http://dummyimage.com/145x245.png/ff4444/ffffff');
insert into item_sub_images (item_id, sub_image_url) values (13, 'http://dummyimage.com/173x175.png/dddddd/000000');
insert into item_sub_images (item_id, sub_image_url) values (14, 'http://dummyimage.com/211x107.png/cc0000/ffffff');
insert into item_sub_images (item_id, sub_image_url) values (15, 'http://dummyimage.com/250x200.png/cc0000/ffffff');
insert into item_sub_images (item_id, sub_image_url) values (16, 'http://dummyimage.com/100x190.png/ff4444/ffffff');
insert into item_sub_images (item_id, sub_image_url) values (17, 'http://dummyimage.com/162x237.png/dddddd/000000');
insert into item_sub_images (item_id, sub_image_url) values (18, 'http://dummyimage.com/157x130.png/ff4444/ffffff');
insert into item_sub_images (item_id, sub_image_url) values (19, 'http://dummyimage.com/152x188.png/5fa2dd/ffffff');
insert into item_sub_images (item_id, sub_image_url) values (20, 'http://dummyimage.com/136x101.png/ff4444/ffffff');
insert into item_sub_images (item_id, sub_image_url) values (21, 'http://dummyimage.com/217x155.png/cc0000/ffffff');
insert into item_sub_images (item_id, sub_image_url) values (22, 'http://dummyimage.com/243x194.png/5fa2dd/ffffff');
insert into item_sub_images (item_id, sub_image_url) values (23, 'http://dummyimage.com/208x183.png/dddddd/000000');
insert into item_sub_images (item_id, sub_image_url) values (24, 'http://dummyimage.com/170x150.png/dddddd/000000');
insert into item_sub_images (item_id, sub_image_url) values (25, 'http://dummyimage.com/221x100.png/cc0000/ffffff');
insert into item_sub_images (item_id, sub_image_url) values (26, 'http://dummyimage.com/208x147.png/dddddd/000000');
insert into item_sub_images (item_id, sub_image_url) values (27, 'http://dummyimage.com/168x222.png/dddddd/000000');
insert into item_sub_images (item_id, sub_image_url) values (28, 'http://dummyimage.com/103x177.png/dddddd/000000');
insert into item_sub_images (item_id, sub_image_url) values (29, 'http://dummyimage.com/242x108.png/dddddd/000000');
insert into item_sub_images (item_id, sub_image_url) values (30, 'http://dummyimage.com/202x145.png/5fa2dd/ffffff');
insert into item_sub_images (item_id, sub_image_url) values (31, 'http://dummyimage.com/136x214.png/5fa2dd/ffffff');
insert into item_sub_images (item_id, sub_image_url) values (32, 'http://dummyimage.com/209x216.png/cc0000/ffffff');
insert into item_sub_images (item_id, sub_image_url) values (33, 'http://dummyimage.com/216x186.png/ff4444/ffffff');
insert into item_sub_images (item_id, sub_image_url) values (34, 'http://dummyimage.com/140x164.png/ff4444/ffffff');
insert into item_sub_images (item_id, sub_image_url) values (35, 'http://dummyimage.com/158x158.png/dddddd/000000');
insert into item_sub_images (item_id, sub_image_url) values (36, 'http://dummyimage.com/228x129.png/5fa2dd/ffffff');
insert into item_sub_images (item_id, sub_image_url) values (37, 'http://dummyimage.com/183x234.png/ff4444/ffffff');
insert into item_sub_images (item_id, sub_image_url) values (38, 'http://dummyimage.com/230x131.png/ff4444/ffffff');
insert into item_sub_images (item_id, sub_image_url) values (39, 'http://dummyimage.com/164x191.png/5fa2dd/ffffff');
insert into item_sub_images (item_id, sub_image_url) values (40, 'http://dummyimage.com/180x152.png/dddddd/000000');
insert into item_sub_images (item_id, sub_image_url) values (41, 'http://dummyimage.com/210x118.png/5fa2dd/ffffff');
insert into item_sub_images (item_id, sub_image_url) values (42, 'http://dummyimage.com/181x167.png/5fa2dd/ffffff');
insert into item_sub_images (item_id, sub_image_url) values (43, 'http://dummyimage.com/125x149.png/5fa2dd/ffffff');
insert into item_sub_images (item_id, sub_image_url) values (44, 'http://dummyimage.com/139x158.png/ff4444/ffffff');
insert into item_sub_images (item_id, sub_image_url) values (45, 'http://dummyimage.com/137x137.png/ff4444/ffffff');
insert into item_sub_images (item_id, sub_image_url) values (46, 'http://dummyimage.com/192x149.png/dddddd/000000');
insert into item_sub_images (item_id, sub_image_url) values (47, 'http://dummyimage.com/173x177.png/cc0000/ffffff');
insert into item_sub_images (item_id, sub_image_url) values (48, 'http://dummyimage.com/124x137.png/ff4444/ffffff');
insert into item_sub_images (item_id, sub_image_url) values (49, 'http://dummyimage.com/212x243.png/5fa2dd/ffffff');
insert into item_sub_images (item_id, sub_image_url) values (50, 'http://dummyimage.com/193x237.png/ff4444/ffffff');
insert into item_sub_images (item_id, sub_image_url) values (51, 'http://dummyimage.com/197x178.png/cc0000/ffffff');
insert into item_sub_images (item_id, sub_image_url) values (52, 'http://dummyimage.com/105x175.png/cc0000/ffffff');
insert into item_sub_images (item_id, sub_image_url) values (53, 'http://dummyimage.com/168x173.png/ff4444/ffffff');
insert into item_sub_images (item_id, sub_image_url) values (54, 'http://dummyimage.com/133x217.png/dddddd/000000');
insert into item_sub_images (item_id, sub_image_url) values (55, 'http://dummyimage.com/106x189.png/dddddd/000000');
insert into item_sub_images (item_id, sub_image_url) values (56, 'http://dummyimage.com/204x175.png/dddddd/000000');
insert into item_sub_images (item_id, sub_image_url) values (57, 'http://dummyimage.com/237x202.png/cc0000/ffffff');
insert into item_sub_images (item_id, sub_image_url) values (58, 'http://dummyimage.com/242x190.png/cc0000/ffffff');
insert into item_sub_images (item_id, sub_image_url) values (59, 'http://dummyimage.com/103x173.png/cc0000/ffffff');
insert into item_sub_images (item_id, sub_image_url) values (60, 'http://dummyimage.com/198x127.png/ff4444/ffffff');
insert into item_sub_images (item_id, sub_image_url) values (61, 'http://dummyimage.com/240x188.png/ff4444/ffffff');
insert into item_sub_images (item_id, sub_image_url) values (62, 'http://dummyimage.com/106x243.png/ff4444/ffffff');
insert into item_sub_images (item_id, sub_image_url) values (63, 'http://dummyimage.com/153x217.png/ff4444/ffffff');
insert into item_sub_images (item_id, sub_image_url) values (64, 'http://dummyimage.com/140x175.png/ff4444/ffffff');
insert into item_sub_images (item_id, sub_image_url) values (65, 'http://dummyimage.com/107x163.png/cc0000/ffffff');
insert into item_sub_images (item_id, sub_image_url) values (66, 'http://dummyimage.com/133x247.png/5fa2dd/ffffff');
insert into item_sub_images (item_id, sub_image_url) values (67, 'http://dummyimage.com/140x125.png/ff4444/ffffff');
insert into item_sub_images (item_id, sub_image_url) values (68, 'http://dummyimage.com/190x247.png/cc0000/ffffff');
insert into item_sub_images (item_id, sub_image_url) values (69, 'http://dummyimage.com/168x148.png/cc0000/ffffff');
insert into item_sub_images (item_id, sub_image_url) values (70, 'http://dummyimage.com/102x241.png/ff4444/ffffff');
insert into item_sub_images (item_id, sub_image_url) values (71, 'http://dummyimage.com/108x205.png/dddddd/000000');
insert into item_sub_images (item_id, sub_image_url) values (72, 'http://dummyimage.com/154x243.png/cc0000/ffffff');
insert into item_sub_images (item_id, sub_image_url) values (73, 'http://dummyimage.com/181x205.png/cc0000/ffffff');
insert into item_sub_images (item_id, sub_image_url) values (74, 'http://dummyimage.com/159x219.png/cc0000/ffffff');
insert into item_sub_images (item_id, sub_image_url) values (75, 'http://dummyimage.com/182x215.png/dddddd/000000');
insert into item_sub_images (item_id, sub_image_url) values (76, 'http://dummyimage.com/131x219.png/ff4444/ffffff');
insert into item_sub_images (item_id, sub_image_url) values (77, 'http://dummyimage.com/150x125.png/dddddd/000000');
insert into item_sub_images (item_id, sub_image_url) values (78, 'http://dummyimage.com/102x237.png/ff4444/ffffff');
insert into item_sub_images (item_id, sub_image_url) values (79, 'http://dummyimage.com/220x210.png/5fa2dd/ffffff');
insert into item_sub_images (item_id, sub_image_url) values (80, 'http://dummyimage.com/180x247.png/ff4444/ffffff');
insert into item_sub_images (item_id, sub_image_url) values (81, 'http://dummyimage.com/207x161.png/5fa2dd/ffffff');
insert into item_sub_images (item_id, sub_image_url) values (82, 'http://dummyimage.com/114x164.png/dddddd/000000');
insert into item_sub_images (item_id, sub_image_url) values (83, 'http://dummyimage.com/123x170.png/dddddd/000000');
insert into item_sub_images (item_id, sub_image_url) values (84, 'http://dummyimage.com/179x240.png/dddddd/000000');
insert into item_sub_images (item_id, sub_image_url) values (85, 'http://dummyimage.com/153x207.png/dddddd/000000');
insert into item_sub_images (item_id, sub_image_url) values (86, 'http://dummyimage.com/234x171.png/dddddd/000000');
insert into item_sub_images (item_id, sub_image_url) values (87, 'http://dummyimage.com/107x138.png/5fa2dd/ffffff');
insert into item_sub_images (item_id, sub_image_url) values (88, 'http://dummyimage.com/168x222.png/ff4444/ffffff');
insert into item_sub_images (item_id, sub_image_url) values (89, 'http://dummyimage.com/250x202.png/cc0000/ffffff');
insert into item_sub_images (item_id, sub_image_url) values (90, 'http://dummyimage.com/210x216.png/dddddd/000000');
insert into item_sub_images (item_id, sub_image_url) values (91, 'http://dummyimage.com/137x168.png/5fa2dd/ffffff');
insert into item_sub_images (item_id, sub_image_url) values (92, 'http://dummyimage.com/232x152.png/dddddd/000000');
insert into item_sub_images (item_id, sub_image_url) values (93, 'http://dummyimage.com/223x193.png/ff4444/ffffff');
insert into item_sub_images (item_id, sub_image_url) values (94, 'http://dummyimage.com/111x184.png/ff4444/ffffff');
insert into item_sub_images (item_id, sub_image_url) values (95, 'http://dummyimage.com/229x153.png/dddddd/000000');
insert into item_sub_images (item_id, sub_image_url) values (96, 'http://dummyimage.com/250x207.png/5fa2dd/ffffff');
insert into item_sub_images (item_id, sub_image_url) values (97, 'http://dummyimage.com/117x120.png/5fa2dd/ffffff');
insert into item_sub_images (item_id, sub_image_url) values (98, 'http://dummyimage.com/210x121.png/5fa2dd/ffffff');
insert into item_sub_images (item_id, sub_image_url) values (99, 'http://dummyimage.com/231x216.png/ff4444/ffffff');
insert into item_sub_images (item_id, sub_image_url) values (100, 'http://dummyimage.com/210x237.png/ff4444/ffffff');
insert into item_sub_images (item_id, sub_image_url) values (101, 'http://dummyimage.com/129x185.png/dddddd/000000');
insert into item_sub_images (item_id, sub_image_url) values (102, 'http://dummyimage.com/115x207.png/5fa2dd/ffffff');
insert into item_sub_images (item_id, sub_image_url) values (103, 'http://dummyimage.com/170x225.png/cc0000/ffffff');
insert into item_sub_images (item_id, sub_image_url) values (104, 'http://dummyimage.com/158x125.png/5fa2dd/ffffff');
insert into item_sub_images (item_id, sub_image_url) values (105, 'http://dummyimage.com/199x220.png/ff4444/ffffff');
insert into item_sub_images (item_id, sub_image_url) values (106, 'http://dummyimage.com/212x190.png/5fa2dd/ffffff');
insert into item_sub_images (item_id, sub_image_url) values (107, 'http://dummyimage.com/182x120.png/ff4444/ffffff');
insert into item_sub_images (item_id, sub_image_url) values (108, 'http://dummyimage.com/247x144.png/5fa2dd/ffffff');
insert into item_sub_images (item_id, sub_image_url) values (109, 'http://dummyimage.com/120x157.png/5fa2dd/ffffff');
insert into item_sub_images (item_id, sub_image_url) values (110, 'http://dummyimage.com/107x205.png/ff4444/ffffff');
insert into item_sub_images (item_id, sub_image_url) values (111, 'http://dummyimage.com/200x104.png/ff4444/ffffff');
insert into item_sub_images (item_id, sub_image_url) values (112, 'http://dummyimage.com/211x132.png/5fa2dd/ffffff');
insert into item_sub_images (item_id, sub_image_url) values (113, 'http://dummyimage.com/124x161.png/ff4444/ffffff');
insert into item_sub_images (item_id, sub_image_url) values (114, 'http://dummyimage.com/150x240.png/5fa2dd/ffffff');
insert into item_sub_images (item_id, sub_image_url) values (115, 'http://dummyimage.com/192x149.png/ff4444/ffffff');
insert into item_sub_images (item_id, sub_image_url) values (116, 'http://dummyimage.com/241x108.png/dddddd/000000');
insert into item_sub_images (item_id, sub_image_url) values (117, 'http://dummyimage.com/202x112.png/dddddd/000000');
insert into item_sub_images (item_id, sub_image_url) values (118, 'http://dummyimage.com/220x120.png/5fa2dd/ffffff');
insert into item_sub_images (item_id, sub_image_url) values (119, 'http://dummyimage.com/160x182.png/ff4444/ffffff');
insert into item_sub_images (item_id, sub_image_url) values (120, 'http://dummyimage.com/130x160.png/cc0000/ffffff');
insert into item_sub_images (item_id, sub_image_url) values (121, 'http://dummyimage.com/146x110.png/cc0000/ffffff');
insert into item_sub_images (item_id, sub_image_url) values (122, 'http://dummyimage.com/203x120.png/dddddd/000000');
insert into item_sub_images (item_id, sub_image_url) values (123, 'http://dummyimage.com/223x239.png/ff4444/ffffff');
insert into item_sub_images (item_id, sub_image_url) values (124, 'http://dummyimage.com/229x197.png/dddddd/000000');
insert into item_sub_images (item_id, sub_image_url) values (125, 'http://dummyimage.com/238x195.png/cc0000/ffffff');
insert into item_sub_images (item_id, sub_image_url) values (126, 'http://dummyimage.com/156x223.png/5fa2dd/ffffff');
insert into item_sub_images (item_id, sub_image_url) values (127, 'http://dummyimage.com/116x100.png/cc0000/ffffff');
insert into item_sub_images (item_id, sub_image_url) values (128, 'http://dummyimage.com/218x182.png/5fa2dd/ffffff');
insert into item_sub_images (item_id, sub_image_url) values (129, 'http://dummyimage.com/220x157.png/ff4444/ffffff');
insert into item_sub_images (item_id, sub_image_url) values (130, 'http://dummyimage.com/114x145.png/dddddd/000000');
insert into item_sub_images (item_id, sub_image_url) values (131, 'http://dummyimage.com/193x211.png/dddddd/000000');
insert into item_sub_images (item_id, sub_image_url) values (132, 'http://dummyimage.com/110x127.png/5fa2dd/ffffff');
insert into item_sub_images (item_id, sub_image_url) values (133, 'http://dummyimage.com/217x227.png/ff4444/ffffff');
insert into item_sub_images (item_id, sub_image_url) values (134, 'http://dummyimage.com/168x116.png/5fa2dd/ffffff');
insert into item_sub_images (item_id, sub_image_url) values (135, 'http://dummyimage.com/226x114.png/dddddd/000000');
insert into item_sub_images (item_id, sub_image_url) values (136, 'http://dummyimage.com/148x162.png/dddddd/000000');
insert into item_sub_images (item_id, sub_image_url) values (137, 'http://dummyimage.com/243x208.png/ff4444/ffffff');
insert into item_sub_images (item_id, sub_image_url) values (138, 'http://dummyimage.com/106x173.png/dddddd/000000');
insert into item_sub_images (item_id, sub_image_url) values (139, 'http://dummyimage.com/138x157.png/dddddd/000000');
insert into item_sub_images (item_id, sub_image_url) values (140, 'http://dummyimage.com/111x229.png/dddddd/000000');
insert into item_sub_images (item_id, sub_image_url) values (141, 'http://dummyimage.com/155x224.png/cc0000/ffffff');
insert into item_sub_images (item_id, sub_image_url) values (142, 'http://dummyimage.com/110x112.png/5fa2dd/ffffff');
insert into item_sub_images (item_id, sub_image_url) values (143, 'http://dummyimage.com/123x172.png/5fa2dd/ffffff');
insert into item_sub_images (item_id, sub_image_url) values (144, 'http://dummyimage.com/141x107.png/ff4444/ffffff');
insert into item_sub_images (item_id, sub_image_url) values (145, 'http://dummyimage.com/119x136.png/ff4444/ffffff');
insert into item_sub_images (item_id, sub_image_url) values (146, 'http://dummyimage.com/185x236.png/ff4444/ffffff');
insert into item_sub_images (item_id, sub_image_url) values (147, 'http://dummyimage.com/239x131.png/dddddd/000000');
insert into item_sub_images (item_id, sub_image_url) values (148, 'http://dummyimage.com/194x209.png/5fa2dd/ffffff');
insert into item_sub_images (item_id, sub_image_url) values (149, 'http://dummyimage.com/212x142.png/dddddd/000000');
insert into item_sub_images (item_id, sub_image_url) values (150, 'http://dummyimage.com/147x220.png/5fa2dd/ffffff');
insert into item_sub_images (item_id, sub_image_url) values (151, 'http://dummyimage.com/130x124.png/ff4444/ffffff');
insert into item_sub_images (item_id, sub_image_url) values (152, 'http://dummyimage.com/131x186.png/5fa2dd/ffffff');
insert into item_sub_images (item_id, sub_image_url) values (153, 'http://dummyimage.com/205x175.png/cc0000/ffffff');
insert into item_sub_images (item_id, sub_image_url) values (154, 'http://dummyimage.com/154x192.png/cc0000/ffffff');
insert into item_sub_images (item_id, sub_image_url) values (155, 'http://dummyimage.com/124x167.png/cc0000/ffffff');
insert into item_sub_images (item_id, sub_image_url) values (156, 'http://dummyimage.com/242x189.png/cc0000/ffffff');
insert into item_sub_images (item_id, sub_image_url) values (157, 'http://dummyimage.com/183x114.png/5fa2dd/ffffff');
insert into item_sub_images (item_id, sub_image_url) values (158, 'http://dummyimage.com/135x102.png/dddddd/000000');
insert into item_sub_images (item_id, sub_image_url) values (159, 'http://dummyimage.com/153x196.png/ff4444/ffffff');
insert into item_sub_images (item_id, sub_image_url) values (160, 'http://dummyimage.com/217x199.png/cc0000/ffffff');
insert into item_sub_images (item_id, sub_image_url) values (161, 'http://dummyimage.com/138x132.png/cc0000/ffffff');
insert into item_sub_images (item_id, sub_image_url) values (162, 'http://dummyimage.com/206x223.png/5fa2dd/ffffff');
insert into item_sub_images (item_id, sub_image_url) values (163, 'http://dummyimage.com/187x231.png/cc0000/ffffff');
insert into item_sub_images (item_id, sub_image_url) values (164, 'http://dummyimage.com/155x220.png/5fa2dd/ffffff');
insert into item_sub_images (item_id, sub_image_url) values (165, 'http://dummyimage.com/158x153.png/cc0000/ffffff');
insert into item_sub_images (item_id, sub_image_url) values (166, 'http://dummyimage.com/163x170.png/cc0000/ffffff');
insert into item_sub_images (item_id, sub_image_url) values (167, 'http://dummyimage.com/136x173.png/cc0000/ffffff');
insert into item_sub_images (item_id, sub_image_url) values (168, 'http://dummyimage.com/163x155.png/dddddd/000000');
insert into item_sub_images (item_id, sub_image_url) values (169, 'http://dummyimage.com/205x175.png/5fa2dd/ffffff');
insert into item_sub_images (item_id, sub_image_url) values (170, 'http://dummyimage.com/199x206.png/dddddd/000000');
insert into item_sub_images (item_id, sub_image_url) values (171, 'http://dummyimage.com/149x159.png/5fa2dd/ffffff');
insert into item_sub_images (item_id, sub_image_url) values (172, 'http://dummyimage.com/130x142.png/cc0000/ffffff');
insert into item_sub_images (item_id, sub_image_url) values (173, 'http://dummyimage.com/137x228.png/dddddd/000000');
insert into item_sub_images (item_id, sub_image_url) values (174, 'http://dummyimage.com/150x220.png/dddddd/000000');
insert into item_sub_images (item_id, sub_image_url) values (175, 'http://dummyimage.com/247x145.png/5fa2dd/ffffff');
insert into item_sub_images (item_id, sub_image_url) values (176, 'http://dummyimage.com/124x187.png/cc0000/ffffff');
insert into item_sub_images (item_id, sub_image_url) values (177, 'http://dummyimage.com/175x114.png/5fa2dd/ffffff');
insert into item_sub_images (item_id, sub_image_url) values (178, 'http://dummyimage.com/143x107.png/ff4444/ffffff');
insert into item_sub_images (item_id, sub_image_url) values (179, 'http://dummyimage.com/155x186.png/5fa2dd/ffffff');
insert into item_sub_images (item_id, sub_image_url) values (180, 'http://dummyimage.com/151x137.png/cc0000/ffffff');
insert into item_sub_images (item_id, sub_image_url) values (181, 'http://dummyimage.com/191x246.png/cc0000/ffffff');
insert into item_sub_images (item_id, sub_image_url) values (182, 'http://dummyimage.com/151x196.png/dddddd/000000');
insert into item_sub_images (item_id, sub_image_url) values (183, 'http://dummyimage.com/155x129.png/5fa2dd/ffffff');
insert into item_sub_images (item_id, sub_image_url) values (184, 'http://dummyimage.com/213x219.png/5fa2dd/ffffff');
insert into item_sub_images (item_id, sub_image_url) values (185, 'http://dummyimage.com/166x132.png/dddddd/000000');
insert into item_sub_images (item_id, sub_image_url) values (186, 'http://dummyimage.com/188x211.png/dddddd/000000');
insert into item_sub_images (item_id, sub_image_url) values (187, 'http://dummyimage.com/201x215.png/dddddd/000000');
insert into item_sub_images (item_id, sub_image_url) values (188, 'http://dummyimage.com/205x139.png/cc0000/ffffff');
insert into item_sub_images (item_id, sub_image_url) values (189, 'http://dummyimage.com/181x178.png/cc0000/ffffff');
insert into item_sub_images (item_id, sub_image_url) values (190, 'http://dummyimage.com/144x146.png/cc0000/ffffff');
insert into item_sub_images (item_id, sub_image_url) values (191, 'http://dummyimage.com/241x127.png/5fa2dd/ffffff');
insert into item_sub_images (item_id, sub_image_url) values (192, 'http://dummyimage.com/176x248.png/ff4444/ffffff');
insert into item_sub_images (item_id, sub_image_url) values (193, 'http://dummyimage.com/109x216.png/ff4444/ffffff');
insert into item_sub_images (item_id, sub_image_url) values (194, 'http://dummyimage.com/173x111.png/cc0000/ffffff');
insert into item_sub_images (item_id, sub_image_url) values (195, 'http://dummyimage.com/216x234.png/5fa2dd/ffffff');
insert into item_sub_images (item_id, sub_image_url) values (196, 'http://dummyimage.com/222x193.png/cc0000/ffffff');
insert into item_sub_images (item_id, sub_image_url) values (197, 'http://dummyimage.com/202x243.png/cc0000/ffffff');
insert into item_sub_images (item_id, sub_image_url) values (198, 'http://dummyimage.com/157x250.png/cc0000/ffffff');
insert into item_sub_images (item_id, sub_image_url) values (199, 'http://dummyimage.com/203x131.png/cc0000/ffffff');
insert into item_sub_images (item_id, sub_image_url) values (200, 'http://dummyimage.com/188x154.png/5fa2dd/ffffff');
insert into item_sub_images (item_id, sub_image_url) values (1, 'http://dummyimage.com/231x211.png/ff4444/ffffff');
insert into item_sub_images (item_id, sub_image_url) values (2, 'http://dummyimage.com/176x220.png/dddddd/000000');
insert into item_sub_images (item_id, sub_image_url) values (3, 'http://dummyimage.com/120x181.png/cc0000/ffffff');
insert into item_sub_images (item_id, sub_image_url) values (4, 'http://dummyimage.com/180x195.png/cc0000/ffffff');
insert into item_sub_images (item_id, sub_image_url) values (5, 'http://dummyimage.com/131x158.png/ff4444/ffffff');
insert into item_sub_images (item_id, sub_image_url) values (6, 'http://dummyimage.com/223x208.png/ff4444/ffffff');
insert into item_sub_images (item_id, sub_image_url) values (7, 'http://dummyimage.com/158x181.png/5fa2dd/ffffff');
insert into item_sub_images (item_id, sub_image_url) values (8, 'http://dummyimage.com/208x161.png/dddddd/000000');
insert into item_sub_images (item_id, sub_image_url) values (9, 'http://dummyimage.com/220x203.png/5fa2dd/ffffff');
insert into item_sub_images (item_id, sub_image_url) values (10, 'http://dummyimage.com/174x173.png/cc0000/ffffff');
insert into item_sub_images (item_id, sub_image_url) values (11, 'http://dummyimage.com/220x184.png/cc0000/ffffff');
insert into item_sub_images (item_id, sub_image_url) values (12, 'http://dummyimage.com/139x229.png/ff4444/ffffff');
insert into item_sub_images (item_id, sub_image_url) values (13, 'http://dummyimage.com/106x129.png/5fa2dd/ffffff');
insert into item_sub_images (item_id, sub_image_url) values (14, 'http://dummyimage.com/209x175.png/dddddd/000000');
insert into item_sub_images (item_id, sub_image_url) values (15, 'http://dummyimage.com/186x208.png/ff4444/ffffff');
insert into item_sub_images (item_id, sub_image_url) values (16, 'http://dummyimage.com/207x175.png/cc0000/ffffff');
insert into item_sub_images (item_id, sub_image_url) values (17, 'http://dummyimage.com/187x178.png/ff4444/ffffff');
insert into item_sub_images (item_id, sub_image_url) values (18, 'http://dummyimage.com/199x189.png/ff4444/ffffff');
insert into item_sub_images (item_id, sub_image_url) values (19, 'http://dummyimage.com/161x206.png/ff4444/ffffff');
insert into item_sub_images (item_id, sub_image_url) values (20, 'http://dummyimage.com/184x162.png/dddddd/000000');
insert into item_sub_images (item_id, sub_image_url) values (21, 'http://dummyimage.com/205x195.png/5fa2dd/ffffff');
insert into item_sub_images (item_id, sub_image_url) values (22, 'http://dummyimage.com/202x232.png/dddddd/000000');
insert into item_sub_images (item_id, sub_image_url) values (23, 'http://dummyimage.com/176x188.png/dddddd/000000');
insert into item_sub_images (item_id, sub_image_url) values (24, 'http://dummyimage.com/138x195.png/5fa2dd/ffffff');
insert into item_sub_images (item_id, sub_image_url) values (25, 'http://dummyimage.com/182x149.png/5fa2dd/ffffff');
insert into item_sub_images (item_id, sub_image_url) values (26, 'http://dummyimage.com/234x168.png/5fa2dd/ffffff');
insert into item_sub_images (item_id, sub_image_url) values (27, 'http://dummyimage.com/150x215.png/dddddd/000000');
insert into item_sub_images (item_id, sub_image_url) values (28, 'http://dummyimage.com/218x239.png/dddddd/000000');
insert into item_sub_images (item_id, sub_image_url) values (29, 'http://dummyimage.com/103x103.png/dddddd/000000');
insert into item_sub_images (item_id, sub_image_url) values (30, 'http://dummyimage.com/118x101.png/5fa2dd/ffffff');
insert into item_sub_images (item_id, sub_image_url) values (31, 'http://dummyimage.com/232x209.png/dddddd/000000');
insert into item_sub_images (item_id, sub_image_url) values (32, 'http://dummyimage.com/238x167.png/5fa2dd/ffffff');
insert into item_sub_images (item_id, sub_image_url) values (33, 'http://dummyimage.com/104x169.png/cc0000/ffffff');
insert into item_sub_images (item_id, sub_image_url) values (34, 'http://dummyimage.com/141x236.png/5fa2dd/ffffff');
insert into item_sub_images (item_id, sub_image_url) values (35, 'http://dummyimage.com/200x127.png/ff4444/ffffff');
insert into item_sub_images (item_id, sub_image_url) values (36, 'http://dummyimage.com/240x122.png/dddddd/000000');
insert into item_sub_images (item_id, sub_image_url) values (37, 'http://dummyimage.com/170x228.png/cc0000/ffffff');
insert into item_sub_images (item_id, sub_image_url) values (38, 'http://dummyimage.com/147x102.png/dddddd/000000');
insert into item_sub_images (item_id, sub_image_url) values (39, 'http://dummyimage.com/237x173.png/5fa2dd/ffffff');
insert into item_sub_images (item_id, sub_image_url) values (40, 'http://dummyimage.com/111x158.png/cc0000/ffffff');
insert into item_sub_images (item_id, sub_image_url) values (41, 'http://dummyimage.com/119x159.png/ff4444/ffffff');
insert into item_sub_images (item_id, sub_image_url) values (42, 'http://dummyimage.com/126x230.png/ff4444/ffffff');
insert into item_sub_images (item_id, sub_image_url) values (43, 'http://dummyimage.com/206x190.png/dddddd/000000');
insert into item_sub_images (item_id, sub_image_url) values (44, 'http://dummyimage.com/221x187.png/cc0000/ffffff');
insert into item_sub_images (item_id, sub_image_url) values (45, 'http://dummyimage.com/239x187.png/dddddd/000000');
insert into item_sub_images (item_id, sub_image_url) values (46, 'http://dummyimage.com/126x183.png/dddddd/000000');
insert into item_sub_images (item_id, sub_image_url) values (47, 'http://dummyimage.com/109x220.png/ff4444/ffffff');
insert into item_sub_images (item_id, sub_image_url) values (48, 'http://dummyimage.com/234x161.png/5fa2dd/ffffff');
insert into item_sub_images (item_id, sub_image_url) values (49, 'http://dummyimage.com/117x136.png/ff4444/ffffff');
insert into item_sub_images (item_id, sub_image_url) values (50, 'http://dummyimage.com/101x159.png/dddddd/000000');
insert into item_sub_images (item_id, sub_image_url) values (51, 'http://dummyimage.com/141x166.png/ff4444/ffffff');
insert into item_sub_images (item_id, sub_image_url) values (52, 'http://dummyimage.com/157x130.png/dddddd/000000');
insert into item_sub_images (item_id, sub_image_url) values (53, 'http://dummyimage.com/238x136.png/5fa2dd/ffffff');
insert into item_sub_images (item_id, sub_image_url) values (54, 'http://dummyimage.com/218x110.png/5fa2dd/ffffff');
insert into item_sub_images (item_id, sub_image_url) values (55, 'http://dummyimage.com/217x147.png/ff4444/ffffff');
insert into item_sub_images (item_id, sub_image_url) values (56, 'http://dummyimage.com/102x105.png/ff4444/ffffff');
insert into item_sub_images (item_id, sub_image_url) values (57, 'http://dummyimage.com/166x162.png/dddddd/000000');
insert into item_sub_images (item_id, sub_image_url) values (58, 'http://dummyimage.com/176x174.png/dddddd/000000');
insert into item_sub_images (item_id, sub_image_url) values (59, 'http://dummyimage.com/221x237.png/ff4444/ffffff');
insert into item_sub_images (item_id, sub_image_url) values (60, 'http://dummyimage.com/102x203.png/dddddd/000000');
insert into item_sub_images (item_id, sub_image_url) values (61, 'http://dummyimage.com/220x100.png/dddddd/000000');
insert into item_sub_images (item_id, sub_image_url) values (62, 'http://dummyimage.com/109x165.png/cc0000/ffffff');
insert into item_sub_images (item_id, sub_image_url) values (63, 'http://dummyimage.com/123x238.png/dddddd/000000');
insert into item_sub_images (item_id, sub_image_url) values (64, 'http://dummyimage.com/193x169.png/5fa2dd/ffffff');
insert into item_sub_images (item_id, sub_image_url) values (65, 'http://dummyimage.com/156x112.png/5fa2dd/ffffff');
insert into item_sub_images (item_id, sub_image_url) values (66, 'http://dummyimage.com/224x209.png/ff4444/ffffff');
insert into item_sub_images (item_id, sub_image_url) values (67, 'http://dummyimage.com/132x124.png/cc0000/ffffff');
insert into item_sub_images (item_id, sub_image_url) values (68, 'http://dummyimage.com/212x243.png/5fa2dd/ffffff');
insert into item_sub_images (item_id, sub_image_url) values (69, 'http://dummyimage.com/219x193.png/5fa2dd/ffffff');
insert into item_sub_images (item_id, sub_image_url) values (70, 'http://dummyimage.com/212x154.png/cc0000/ffffff');
insert into item_sub_images (item_id, sub_image_url) values (71, 'http://dummyimage.com/227x113.png/5fa2dd/ffffff');
insert into item_sub_images (item_id, sub_image_url) values (72, 'http://dummyimage.com/184x163.png/5fa2dd/ffffff');
insert into item_sub_images (item_id, sub_image_url) values (73, 'http://dummyimage.com/181x224.png/cc0000/ffffff');
insert into item_sub_images (item_id, sub_image_url) values (74, 'http://dummyimage.com/228x196.png/cc0000/ffffff');
insert into item_sub_images (item_id, sub_image_url) values (75, 'http://dummyimage.com/205x214.png/5fa2dd/ffffff');
insert into item_sub_images (item_id, sub_image_url) values (76, 'http://dummyimage.com/173x169.png/dddddd/000000');
insert into item_sub_images (item_id, sub_image_url) values (77, 'http://dummyimage.com/138x105.png/cc0000/ffffff');
insert into item_sub_images (item_id, sub_image_url) values (78, 'http://dummyimage.com/110x135.png/ff4444/ffffff');
insert into item_sub_images (item_id, sub_image_url) values (79, 'http://dummyimage.com/170x249.png/ff4444/ffffff');
insert into item_sub_images (item_id, sub_image_url) values (80, 'http://dummyimage.com/192x118.png/ff4444/ffffff');
insert into item_sub_images (item_id, sub_image_url) values (81, 'http://dummyimage.com/215x205.png/dddddd/000000');
insert into item_sub_images (item_id, sub_image_url) values (82, 'http://dummyimage.com/207x210.png/ff4444/ffffff');
insert into item_sub_images (item_id, sub_image_url) values (83, 'http://dummyimage.com/166x164.png/cc0000/ffffff');
insert into item_sub_images (item_id, sub_image_url) values (84, 'http://dummyimage.com/184x205.png/5fa2dd/ffffff');
insert into item_sub_images (item_id, sub_image_url) values (85, 'http://dummyimage.com/211x224.png/cc0000/ffffff');
insert into item_sub_images (item_id, sub_image_url) values (86, 'http://dummyimage.com/104x246.png/dddddd/000000');
insert into item_sub_images (item_id, sub_image_url) values (87, 'http://dummyimage.com/120x246.png/ff4444/ffffff');
insert into item_sub_images (item_id, sub_image_url) values (88, 'http://dummyimage.com/137x226.png/dddddd/000000');
insert into item_sub_images (item_id, sub_image_url) values (89, 'http://dummyimage.com/177x233.png/cc0000/ffffff');
insert into item_sub_images (item_id, sub_image_url) values (90, 'http://dummyimage.com/245x147.png/cc0000/ffffff');
insert into item_sub_images (item_id, sub_image_url) values (91, 'http://dummyimage.com/105x145.png/5fa2dd/ffffff');
insert into item_sub_images (item_id, sub_image_url) values (92, 'http://dummyimage.com/183x212.png/ff4444/ffffff');
insert into item_sub_images (item_id, sub_image_url) values (93, 'http://dummyimage.com/120x240.png/5fa2dd/ffffff');
insert into item_sub_images (item_id, sub_image_url) values (94, 'http://dummyimage.com/203x138.png/ff4444/ffffff');
insert into item_sub_images (item_id, sub_image_url) values (95, 'http://dummyimage.com/239x245.png/dddddd/000000');
insert into item_sub_images (item_id, sub_image_url) values (96, 'http://dummyimage.com/190x229.png/ff4444/ffffff');
insert into item_sub_images (item_id, sub_image_url) values (97, 'http://dummyimage.com/199x210.png/cc0000/ffffff');
insert into item_sub_images (item_id, sub_image_url) values (98, 'http://dummyimage.com/133x220.png/5fa2dd/ffffff');
insert into item_sub_images (item_id, sub_image_url) values (99, 'http://dummyimage.com/231x145.png/5fa2dd/ffffff');
insert into item_sub_images (item_id, sub_image_url) values (100, 'http://dummyimage.com/182x220.png/ff4444/ffffff');
insert into item_sub_images (item_id, sub_image_url) values (101, 'http://dummyimage.com/170x149.png/dddddd/000000');
insert into item_sub_images (item_id, sub_image_url) values (102, 'http://dummyimage.com/229x109.png/5fa2dd/ffffff');
insert into item_sub_images (item_id, sub_image_url) values (103, 'http://dummyimage.com/132x161.png/ff4444/ffffff');
insert into item_sub_images (item_id, sub_image_url) values (104, 'http://dummyimage.com/155x243.png/5fa2dd/ffffff');
insert into item_sub_images (item_id, sub_image_url) values (105, 'http://dummyimage.com/203x192.png/dddddd/000000');
insert into item_sub_images (item_id, sub_image_url) values (106, 'http://dummyimage.com/240x198.png/5fa2dd/ffffff');
insert into item_sub_images (item_id, sub_image_url) values (107, 'http://dummyimage.com/242x136.png/ff4444/ffffff');
insert into item_sub_images (item_id, sub_image_url) values (108, 'http://dummyimage.com/110x244.png/ff4444/ffffff');
insert into item_sub_images (item_id, sub_image_url) values (109, 'http://dummyimage.com/173x172.png/cc0000/ffffff');
insert into item_sub_images (item_id, sub_image_url) values (110, 'http://dummyimage.com/119x122.png/ff4444/ffffff');
insert into item_sub_images (item_id, sub_image_url) values (111, 'http://dummyimage.com/205x236.png/cc0000/ffffff');
insert into item_sub_images (item_id, sub_image_url) values (112, 'http://dummyimage.com/218x147.png/dddddd/000000');
insert into item_sub_images (item_id, sub_image_url) values (113, 'http://dummyimage.com/233x175.png/cc0000/ffffff');
insert into item_sub_images (item_id, sub_image_url) values (114, 'http://dummyimage.com/114x201.png/cc0000/ffffff');
insert into item_sub_images (item_id, sub_image_url) values (115, 'http://dummyimage.com/101x111.png/dddddd/000000');
insert into item_sub_images (item_id, sub_image_url) values (116, 'http://dummyimage.com/227x232.png/dddddd/000000');
insert into item_sub_images (item_id, sub_image_url) values (117, 'http://dummyimage.com/126x216.png/ff4444/ffffff');
insert into item_sub_images (item_id, sub_image_url) values (118, 'http://dummyimage.com/163x103.png/ff4444/ffffff');
insert into item_sub_images (item_id, sub_image_url) values (119, 'http://dummyimage.com/100x228.png/dddddd/000000');
insert into item_sub_images (item_id, sub_image_url) values (120, 'http://dummyimage.com/225x118.png/cc0000/ffffff');
insert into item_sub_images (item_id, sub_image_url) values (121, 'http://dummyimage.com/200x238.png/5fa2dd/ffffff');
insert into item_sub_images (item_id, sub_image_url) values (122, 'http://dummyimage.com/129x167.png/ff4444/ffffff');
insert into item_sub_images (item_id, sub_image_url) values (123, 'http://dummyimage.com/136x244.png/cc0000/ffffff');
insert into item_sub_images (item_id, sub_image_url) values (124, 'http://dummyimage.com/224x208.png/ff4444/ffffff');
insert into item_sub_images (item_id, sub_image_url) values (125, 'http://dummyimage.com/118x240.png/dddddd/000000');
insert into item_sub_images (item_id, sub_image_url) values (126, 'http://dummyimage.com/175x214.png/5fa2dd/ffffff');
insert into item_sub_images (item_id, sub_image_url) values (127, 'http://dummyimage.com/134x163.png/dddddd/000000');
insert into item_sub_images (item_id, sub_image_url) values (128, 'http://dummyimage.com/112x240.png/ff4444/ffffff');
insert into item_sub_images (item_id, sub_image_url) values (129, 'http://dummyimage.com/228x212.png/ff4444/ffffff');
insert into item_sub_images (item_id, sub_image_url) values (130, 'http://dummyimage.com/100x183.png/ff4444/ffffff');
insert into item_sub_images (item_id, sub_image_url) values (131, 'http://dummyimage.com/212x198.png/dddddd/000000');
insert into item_sub_images (item_id, sub_image_url) values (132, 'http://dummyimage.com/218x175.png/dddddd/000000');
insert into item_sub_images (item_id, sub_image_url) values (133, 'http://dummyimage.com/159x158.png/cc0000/ffffff');
insert into item_sub_images (item_id, sub_image_url) values (134, 'http://dummyimage.com/220x129.png/dddddd/000000');
insert into item_sub_images (item_id, sub_image_url) values (135, 'http://dummyimage.com/225x237.png/cc0000/ffffff');
insert into item_sub_images (item_id, sub_image_url) values (136, 'http://dummyimage.com/242x212.png/dddddd/000000');
insert into item_sub_images (item_id, sub_image_url) values (137, 'http://dummyimage.com/142x125.png/ff4444/ffffff');
insert into item_sub_images (item_id, sub_image_url) values (138, 'http://dummyimage.com/137x168.png/cc0000/ffffff');
insert into item_sub_images (item_id, sub_image_url) values (139, 'http://dummyimage.com/230x130.png/dddddd/000000');
insert into item_sub_images (item_id, sub_image_url) values (140, 'http://dummyimage.com/114x126.png/cc0000/ffffff');
insert into item_sub_images (item_id, sub_image_url) values (141, 'http://dummyimage.com/224x223.png/cc0000/ffffff');
insert into item_sub_images (item_id, sub_image_url) values (142, 'http://dummyimage.com/228x116.png/5fa2dd/ffffff');
insert into item_sub_images (item_id, sub_image_url) values (143, 'http://dummyimage.com/111x193.png/cc0000/ffffff');
insert into item_sub_images (item_id, sub_image_url) values (144, 'http://dummyimage.com/114x237.png/ff4444/ffffff');
insert into item_sub_images (item_id, sub_image_url) values (145, 'http://dummyimage.com/250x236.png/cc0000/ffffff');
insert into item_sub_images (item_id, sub_image_url) values (146, 'http://dummyimage.com/149x181.png/cc0000/ffffff');
insert into item_sub_images (item_id, sub_image_url) values (147, 'http://dummyimage.com/243x231.png/ff4444/ffffff');
insert into item_sub_images (item_id, sub_image_url) values (148, 'http://dummyimage.com/148x187.png/ff4444/ffffff');
insert into item_sub_images (item_id, sub_image_url) values (149, 'http://dummyimage.com/208x191.png/5fa2dd/ffffff');
insert into item_sub_images (item_id, sub_image_url) values (150, 'http://dummyimage.com/170x182.png/ff4444/ffffff');
insert into item_sub_images (item_id, sub_image_url) values (151, 'http://dummyimage.com/212x192.png/dddddd/000000');
insert into item_sub_images (item_id, sub_image_url) values (152, 'http://dummyimage.com/236x213.png/ff4444/ffffff');
insert into item_sub_images (item_id, sub_image_url) values (153, 'http://dummyimage.com/218x189.png/dddddd/000000');
insert into item_sub_images (item_id, sub_image_url) values (154, 'http://dummyimage.com/216x122.png/5fa2dd/ffffff');
insert into item_sub_images (item_id, sub_image_url) values (155, 'http://dummyimage.com/115x103.png/cc0000/ffffff');
insert into item_sub_images (item_id, sub_image_url) values (156, 'http://dummyimage.com/138x123.png/cc0000/ffffff');
insert into item_sub_images (item_id, sub_image_url) values (157, 'http://dummyimage.com/105x245.png/dddddd/000000');
insert into item_sub_images (item_id, sub_image_url) values (158, 'http://dummyimage.com/217x245.png/5fa2dd/ffffff');
insert into item_sub_images (item_id, sub_image_url) values (159, 'http://dummyimage.com/194x109.png/cc0000/ffffff');
insert into item_sub_images (item_id, sub_image_url) values (160, 'http://dummyimage.com/113x107.png/cc0000/ffffff');
insert into item_sub_images (item_id, sub_image_url) values (161, 'http://dummyimage.com/171x174.png/dddddd/000000');
insert into item_sub_images (item_id, sub_image_url) values (162, 'http://dummyimage.com/164x191.png/cc0000/ffffff');
insert into item_sub_images (item_id, sub_image_url) values (163, 'http://dummyimage.com/109x107.png/5fa2dd/ffffff');
insert into item_sub_images (item_id, sub_image_url) values (164, 'http://dummyimage.com/234x162.png/cc0000/ffffff');
insert into item_sub_images (item_id, sub_image_url) values (165, 'http://dummyimage.com/213x143.png/cc0000/ffffff');
insert into item_sub_images (item_id, sub_image_url) values (166, 'http://dummyimage.com/249x130.png/ff4444/ffffff');
insert into item_sub_images (item_id, sub_image_url) values (167, 'http://dummyimage.com/249x206.png/dddddd/000000');
insert into item_sub_images (item_id, sub_image_url) values (168, 'http://dummyimage.com/140x192.png/5fa2dd/ffffff');
insert into item_sub_images (item_id, sub_image_url) values (169, 'http://dummyimage.com/168x143.png/ff4444/ffffff');
insert into item_sub_images (item_id, sub_image_url) values (170, 'http://dummyimage.com/168x166.png/5fa2dd/ffffff');
insert into item_sub_images (item_id, sub_image_url) values (171, 'http://dummyimage.com/108x193.png/ff4444/ffffff');
insert into item_sub_images (item_id, sub_image_url) values (172, 'http://dummyimage.com/236x181.png/cc0000/ffffff');
insert into item_sub_images (item_id, sub_image_url) values (173, 'http://dummyimage.com/116x152.png/cc0000/ffffff');
insert into item_sub_images (item_id, sub_image_url) values (174, 'http://dummyimage.com/164x102.png/cc0000/ffffff');
insert into item_sub_images (item_id, sub_image_url) values (175, 'http://dummyimage.com/146x247.png/dddddd/000000');
insert into item_sub_images (item_id, sub_image_url) values (176, 'http://dummyimage.com/134x168.png/5fa2dd/ffffff');
insert into item_sub_images (item_id, sub_image_url) values (177, 'http://dummyimage.com/122x144.png/5fa2dd/ffffff');
insert into item_sub_images (item_id, sub_image_url) values (178, 'http://dummyimage.com/137x118.png/5fa2dd/ffffff');
insert into item_sub_images (item_id, sub_image_url) values (179, 'http://dummyimage.com/143x136.png/5fa2dd/ffffff');
insert into item_sub_images (item_id, sub_image_url) values (180, 'http://dummyimage.com/184x224.png/cc0000/ffffff');
insert into item_sub_images (item_id, sub_image_url) values (181, 'http://dummyimage.com/159x230.png/5fa2dd/ffffff');
insert into item_sub_images (item_id, sub_image_url) values (182, 'http://dummyimage.com/245x210.png/ff4444/ffffff');
insert into item_sub_images (item_id, sub_image_url) values (183, 'http://dummyimage.com/151x144.png/ff4444/ffffff');
insert into item_sub_images (item_id, sub_image_url) values (184, 'http://dummyimage.com/187x117.png/cc0000/ffffff');
insert into item_sub_images (item_id, sub_image_url) values (185, 'http://dummyimage.com/114x134.png/5fa2dd/ffffff');
insert into item_sub_images (item_id, sub_image_url) values (186, 'http://dummyimage.com/148x164.png/cc0000/ffffff');
insert into item_sub_images (item_id, sub_image_url) values (187, 'http://dummyimage.com/145x222.png/5fa2dd/ffffff');
insert into item_sub_images (item_id, sub_image_url) values (188, 'http://dummyimage.com/136x154.png/ff4444/ffffff');
insert into item_sub_images (item_id, sub_image_url) values (189, 'http://dummyimage.com/136x236.png/dddddd/000000');
insert into item_sub_images (item_id, sub_image_url) values (190, 'http://dummyimage.com/128x191.png/ff4444/ffffff');
insert into item_sub_images (item_id, sub_image_url) values (191, 'http://dummyimage.com/167x156.png/dddddd/000000');
insert into item_sub_images (item_id, sub_image_url) values (192, 'http://dummyimage.com/195x110.png/ff4444/ffffff');
insert into item_sub_images (item_id, sub_image_url) values (193, 'http://dummyimage.com/103x115.png/5fa2dd/ffffff');
insert into item_sub_images (item_id, sub_image_url) values (194, 'http://dummyimage.com/142x191.png/cc0000/ffffff');
insert into item_sub_images (item_id, sub_image_url) values (195, 'http://dummyimage.com/110x243.png/dddddd/000000');
insert into item_sub_images (item_id, sub_image_url) values (196, 'http://dummyimage.com/131x239.png/5fa2dd/ffffff');
insert into item_sub_images (item_id, sub_image_url) values (197, 'http://dummyimage.com/147x190.png/cc0000/ffffff');
insert into item_sub_images (item_id, sub_image_url) values (198, 'http://dummyimage.com/115x174.png/cc0000/ffffff');
insert into item_sub_images (item_id, sub_image_url) values (199, 'http://dummyimage.com/118x194.png/ff4444/ffffff');
insert into item_sub_images (item_id, sub_image_url) values (200, 'http://dummyimage.com/167x120.png/dddddd/000000');

insert into review (created_at, comment, rating, item_id, member_id, shop_id) values ('2023-01-11 18:54:41', 'Nullam molestie nibh in lectus. Pellentesque at nulla. Suspendisse potenti.', 1, 174, 1, 1);
insert into review (created_at, comment, rating, item_id, member_id, shop_id) values ('2022-12-20 04:06:13', 'Sed sagittis. Nam congue, risus semper porta volutpat, quam pede lobortis ligula, sit amet eleifend pede libero quis orci.', 1, 186, 2, 2);
insert into review (created_at, comment, rating, item_id, member_id, shop_id) values ('2023-06-04 11:44:27', 'Aliquam erat volutpat. In congue. Etiam justo.', 4, 45, 3, 3);
insert into review (created_at, comment, rating, item_id, member_id, shop_id) values ('2023-03-08 01:19:06', 'Vivamus tortor. Duis mattis egestas metus. Aenean fermentum.', 2, 90, 4, 4);
insert into review (created_at, comment, rating, item_id, member_id, shop_id) values ('2022-11-18 12:15:07', 'Maecenas rhoncus aliquam lacus. Morbi quis tortor id nulla ultrices aliquet.', 4, 187, 5, 5);
insert into review (created_at, comment, rating, item_id, member_id, shop_id) values ('2023-03-10 19:55:59', 'Morbi non lectus. Aliquam sit amet diam in magna bibendum imperdiet. Nullam orci pede, venenatis non, sodales sed, tincidunt eu, felis.', 3, 175, 6, 6);
insert into review (created_at, comment, rating, item_id, member_id, shop_id) values ('2023-07-07 19:21:10', 'Aliquam quis turpis eget elit sodales scelerisque. Mauris sit amet eros.', 5, 162, 7, 7);
insert into review (created_at, comment, rating, item_id, member_id, shop_id) values ('2023-01-06 15:37:41', 'Aliquam non mauris. Morbi non lectus. Aliquam sit amet diam in magna bibendum imperdiet.', 2, 68, 8, 8);
insert into review (created_at, comment, rating, item_id, member_id, shop_id) values ('2023-02-05 02:56:12', 'Vestibulum ante ipsum primis in faucibus orci luctus et ultrices posuere cubilia Curae; Donec pharetra, magna vestibulum aliquet ultrices, erat tortor sollicitudin mi, sit amet lobortis sapien sapien non mi. Integer ac neque. Duis bibendum.', 5, 64, 9, 9);
insert into review (created_at, comment, rating, item_id, member_id, shop_id) values ('2023-02-25 03:49:20', 'Nunc purus. Phasellus in felis.', 3, 200, 10, 10);
insert into review (created_at, comment, rating, item_id, member_id, shop_id) values ('2023-09-15 06:03:33', 'Duis consequat dui nec nisi volutpat eleifend. Donec ut dolor.', 3, 113, 11, 11);
insert into review (created_at, comment, rating, item_id, member_id, shop_id) values ('2022-10-27 13:42:49', 'Duis mattis egestas metus. Aenean fermentum. Donec ut mauris eget massa tempor convallis. Nulla neque libero, convallis eget, eleifend luctus, ultricies eu, nibh.', 5, 196, 12, 12);
insert into review (created_at, comment, rating, item_id, member_id, shop_id) values ('2022-12-21 01:27:07', 'Integer pede justo, lacinia eget, tincidunt eget, tempus vel, pede. Morbi porttitor lorem id ligula.', 3, 89, 13, 13);
insert into review (created_at, comment, rating, item_id, member_id, shop_id) values ('2023-04-12 19:25:17', 'Sed vel enim sit amet nunc viverra dapibus. Nulla suscipit ligula in lacus. Curabitur at ipsum ac tellus semper interdum. Mauris ullamcorper purus sit amet nulla.', 2, 33, 14, 14);
insert into review (created_at, comment, rating, item_id, member_id, shop_id) values ('2023-09-01 02:07:18', 'Cras pellentesque volutpat dui. Maecenas tristique, est et tempus semper, est quam pharetra magna, ac consequat metus sapien ut nunc. Vestibulum ante ipsum primis in faucibus orci luctus et ultrices posuere cubilia Curae; Mauris viverra diam vitae quam.', 3, 32, 15, 15);
insert into review (created_at, comment, rating, item_id, member_id, shop_id) values ('2023-04-02 12:00:52', 'Donec ut mauris eget massa tempor convallis. Nulla neque libero, convallis eget, eleifend luctus, ultricies eu, nibh. Quisque id justo sit amet sapien dignissim vestibulum.', 2, 11, 16, 16);
insert into review (created_at, comment, rating, item_id, member_id, shop_id) values ('2023-02-12 14:02:15', 'Curabitur in libero ut massa volutpat convallis. Morbi odio odio, elementum eu, interdum eu, tincidunt in, leo. Maecenas pulvinar lobortis est.', 4, 137, 17, 17);
insert into review (created_at, comment, rating, item_id, member_id, shop_id) values ('2023-09-26 15:31:42', 'Nulla ut erat id mauris vulputate elementum. Nullam varius.', 5, 20, 18, 18);
insert into review (created_at, comment, rating, item_id, member_id, shop_id) values ('2023-05-07 05:59:26', 'Nulla tellus. In sagittis dui vel nisl. Duis ac nibh.', 1, 100, 19, 19);
insert into review (created_at, comment, rating, item_id, member_id, shop_id) values ('2023-09-10 20:41:01', 'Duis consequat dui nec nisi volutpat eleifend. Donec ut dolor. Morbi vel lectus in quam fringilla rhoncus.', 1, 108, 20, 20);
insert into review (created_at, comment, rating, item_id, member_id, shop_id) values ('2022-11-25 13:32:20', 'Fusce congue, diam id ornare imperdiet, sapien urna pretium nisl, ut volutpat sapien arcu sed augue.', 2, 183, 1, 1);
insert into review (created_at, comment, rating, item_id, member_id, shop_id) values ('2023-08-18 03:36:58', 'Morbi quis tortor id nulla ultrices aliquet. Maecenas leo odio, condimentum id, luctus nec, molestie sed, justo.', 5, 19, 2, 2);
insert into review (created_at, comment, rating, item_id, member_id, shop_id) values ('2023-02-12 18:10:59', 'Quisque arcu libero, rutrum ac, lobortis vel, dapibus at, diam. Nam tristique tortor eu pede.', 2, 82, 3, 3);
insert into review (created_at, comment, rating, item_id, member_id, shop_id) values ('2022-12-06 08:40:58', 'Nulla nisl. Nunc nisl. Duis bibendum, felis sed interdum venenatis, turpis enim blandit mi, in porttitor pede justo eu massa. Donec dapibus.', 4, 57, 4, 4);
insert into review (created_at, comment, rating, item_id, member_id, shop_id) values ('2023-02-21 13:14:49', 'In quis justo. Maecenas rhoncus aliquam lacus. Morbi quis tortor id nulla ultrices aliquet. Maecenas leo odio, condimentum id, luctus nec, molestie sed, justo.', 4, 11, 5, 5);
insert into review (created_at, comment, rating, item_id, member_id, shop_id) values ('2023-03-22 03:33:15', 'Nulla nisl.', 4, 2, 6, 6);
insert into review (created_at, comment, rating, item_id, member_id, shop_id) values ('2023-02-14 02:08:46', 'Duis bibendum. Morbi non quam nec dui luctus rutrum. Nulla tellus. In sagittis dui vel nisl.', 2, 141, 7, 7);
insert into review (created_at, comment, rating, item_id, member_id, shop_id) values ('2022-11-22 08:00:55', 'Cum sociis natoque penatibus et magnis dis parturient montes, nascetur ridiculus mus. Etiam vel augue. Vestibulum rutrum rutrum neque.', 3, 95, 8, 8);
insert into review (created_at, comment, rating, item_id, member_id, shop_id) values ('2023-08-27 09:50:09', 'Donec ut dolor. Morbi vel lectus in quam fringilla rhoncus. Mauris enim leo, rhoncus sed, vestibulum sit amet, cursus id, turpis. Integer aliquet, massa id lobortis convallis, tortor risus dapibus augue, vel accumsan tellus nisi eu orci.', 3, 50, 9, 9);
insert into review (created_at, comment, rating, item_id, member_id, shop_id) values ('2023-03-02 11:45:35', 'Duis mattis egestas metus. Aenean fermentum. Donec ut mauris eget massa tempor convallis.', 2, 170, 10, 10);
insert into review (created_at, comment, rating, item_id, member_id, shop_id) values ('2023-06-13 14:07:24', 'Pellentesque ultrices mattis odio. Donec vitae nisi. Nam ultrices, libero non mattis pulvinar, nulla pede ullamcorper augue, a suscipit nulla elit ac nulla. Sed vel enim sit amet nunc viverra dapibus.', 3, 88, 11, 11);
insert into review (created_at, comment, rating, item_id, member_id, shop_id) values ('2023-05-30 10:20:36', 'Nam nulla. Integer pede justo, lacinia eget, tincidunt eget, tempus vel, pede.', 1, 23, 12, 12);
insert into review (created_at, comment, rating, item_id, member_id, shop_id) values ('2023-01-07 02:02:32', 'Quisque ut erat. Curabitur gravida nisi at nibh. In hac habitasse platea dictumst.', 2, 186, 13, 13);
insert into review (created_at, comment, rating, item_id, member_id, shop_id) values ('2023-04-24 07:40:38', 'Phasellus sit amet erat. Nulla tempus. Vivamus in felis eu sapien cursus vestibulum. Proin eu mi.', 4, 196, 14, 14);
insert into review (created_at, comment, rating, item_id, member_id, shop_id) values ('2022-10-27 12:41:58', 'Quisque ut erat. Curabitur gravida nisi at nibh.', 5, 159, 15, 15);
insert into review (created_at, comment, rating, item_id, member_id, shop_id) values ('2023-07-11 02:02:41', 'Suspendisse potenti. Cras in purus eu magna vulputate luctus. Cum sociis natoque penatibus et magnis dis parturient montes, nascetur ridiculus mus. Vivamus vestibulum sagittis sapien.', 5, 177, 16, 16);
insert into review (created_at, comment, rating, item_id, member_id, shop_id) values ('2023-08-05 08:22:46', 'Duis bibendum. Morbi non quam nec dui luctus rutrum. Nulla tellus. In sagittis dui vel nisl.', 4, 176, 17, 17);
insert into review (created_at, comment, rating, item_id, member_id, shop_id) values ('2023-05-05 00:40:00', 'Sed accumsan felis.', 1, 4, 18, 18);
insert into review (created_at, comment, rating, item_id, member_id, shop_id) values ('2023-07-06 20:40:55', 'Duis consequat dui nec nisi volutpat eleifend.', 4, 91, 19, 19);
insert into review (created_at, comment, rating, item_id, member_id, shop_id) values ('2023-08-03 10:54:55', 'Duis at velit eu est congue elementum.', 4, 41, 20, 20);
insert into review (created_at, comment, rating, item_id, member_id, shop_id) values ('2023-02-10 12:26:18', 'Morbi non lectus. Aliquam sit amet diam in magna bibendum imperdiet. Nullam orci pede, venenatis non, sodales sed, tincidunt eu, felis.', 2, 122, 1, 1);
insert into review (created_at, comment, rating, item_id, member_id, shop_id) values ('2023-04-11 09:44:51', 'Praesent blandit. Nam nulla. Integer pede justo, lacinia eget, tincidunt eget, tempus vel, pede. Morbi porttitor lorem id ligula.', 1, 152, 2, 2);
insert into review (created_at, comment, rating, item_id, member_id, shop_id) values ('2023-07-11 19:47:41', 'Aliquam augue quam, sollicitudin vitae, consectetuer eget, rutrum at, lorem. Integer tincidunt ante vel ipsum.', 3, 186, 3, 3);
insert into review (created_at, comment, rating, item_id, member_id, shop_id) values ('2023-06-01 11:44:00', 'Aliquam non mauris. Morbi non lectus. Aliquam sit amet diam in magna bibendum imperdiet.', 1, 134, 4, 4);
insert into review (created_at, comment, rating, item_id, member_id, shop_id) values ('2022-12-12 02:09:22', 'Sed accumsan felis. Ut at dolor quis odio consequat varius. Integer ac leo. Pellentesque ultrices mattis odio.', 3, 107, 5, 5);
insert into review (created_at, comment, rating, item_id, member_id, shop_id) values ('2023-05-21 15:01:45', 'Pellentesque at nulla. Suspendisse potenti. Cras in purus eu magna vulputate luctus.', 2, 128, 6, 6);
insert into review (created_at, comment, rating, item_id, member_id, shop_id) values ('2023-06-09 21:56:50', 'Donec posuere metus vitae ipsum. Aliquam non mauris.', 5, 102, 7, 7);
insert into review (created_at, comment, rating, item_id, member_id, shop_id) values ('2023-09-25 07:00:27', 'Nunc purus. Phasellus in felis. Donec semper sapien a libero. Nam dui.', 2, 164, 8, 8);
insert into review (created_at, comment, rating, item_id, member_id, shop_id) values ('2023-09-09 08:57:03', 'In blandit ultrices enim.', 3, 147, 9, 9);
insert into review (created_at, comment, rating, item_id, member_id, shop_id) values ('2023-03-21 18:04:30', 'Curabitur in libero ut massa volutpat convallis.', 2, 27, 10, 10);
insert into review (created_at, comment, rating, item_id, member_id, shop_id) values ('2022-12-25 00:18:28', 'Maecenas rhoncus aliquam lacus. Morbi quis tortor id nulla ultrices aliquet.', 2, 115, 11, 11);
insert into review (created_at, comment, rating, item_id, member_id, shop_id) values ('2023-08-03 20:45:56', 'Proin interdum mauris non ligula pellentesque ultrices.', 3, 3, 12, 12);
insert into review (created_at, comment, rating, item_id, member_id, shop_id) values ('2023-10-05 10:48:06', 'Sed vel enim sit amet nunc viverra dapibus.', 4, 171, 13, 13);
insert into review (created_at, comment, rating, item_id, member_id, shop_id) values ('2022-12-09 11:40:06', 'Donec quis orci eget orci vehicula condimentum. Curabitur in libero ut massa volutpat convallis. Morbi odio odio, elementum eu, interdum eu, tincidunt in, leo.', 4, 94, 14, 14);
insert into review (created_at, comment, rating, item_id, member_id, shop_id) values ('2022-10-16 21:11:42', 'Maecenas tristique, est et tempus semper, est quam pharetra magna, ac consequat metus sapien ut nunc. Vestibulum ante ipsum primis in faucibus orci luctus et ultrices posuere cubilia Curae; Mauris viverra diam vitae quam. Suspendisse potenti. Nullam porttitor lacus at turpis.', 4, 67, 15, 15);
insert into review (created_at, comment, rating, item_id, member_id, shop_id) values ('2022-10-19 20:47:50', 'Donec ut mauris eget massa tempor convallis. Nulla neque libero, convallis eget, eleifend luctus, ultricies eu, nibh. Quisque id justo sit amet sapien dignissim vestibulum. Vestibulum ante ipsum primis in faucibus orci luctus et ultrices posuere cubilia Curae; Nulla dapibus dolor vel est.', 2, 188, 16, 16);
insert into review (created_at, comment, rating, item_id, member_id, shop_id) values ('2022-11-01 02:39:22', 'Morbi vestibulum, velit id pretium iaculis, diam erat fermentum justo, nec condimentum neque sapien placerat ante.', 1, 87, 17, 17);
insert into review (created_at, comment, rating, item_id, member_id, shop_id) values ('2023-04-16 00:54:01', 'Morbi quis tortor id nulla ultrices aliquet.', 2, 38, 18, 18);
insert into review (created_at, comment, rating, item_id, member_id, shop_id) values ('2023-07-05 11:13:42', 'Fusce lacus purus, aliquet at, feugiat non, pretium quis, lectus. Suspendisse potenti.', 5, 21, 19, 19);
insert into review (created_at, comment, rating, item_id, member_id, shop_id) values ('2022-11-25 05:05:51', 'Integer pede justo, lacinia eget, tincidunt eget, tempus vel, pede. Morbi porttitor lorem id ligula.', 1, 104, 20, 20);
insert into review (created_at, comment, rating, item_id, member_id, shop_id) values ('2022-12-18 00:57:10', 'Mauris sit amet eros.', 1, 2, 1, 1);
insert into review (created_at, comment, rating, item_id, member_id, shop_id) values ('2023-08-29 08:03:06', 'Integer ac leo. Pellentesque ultrices mattis odio. Donec vitae nisi. Nam ultrices, libero non mattis pulvinar, nulla pede ullamcorper augue, a suscipit nulla elit ac nulla.', 1, 117, 2, 2);
insert into review (created_at, comment, rating, item_id, member_id, shop_id) values ('2023-10-11 17:12:04', 'Donec odio justo, sollicitudin ut, suscipit a, feugiat et, eros.', 4, 107, 3, 3);
insert into review (created_at, comment, rating, item_id, member_id, shop_id) values ('2023-05-31 00:12:52', 'Quisque erat eros, viverra eget, congue eget, semper rutrum, nulla. Nunc purus.', 4, 145, 4, 4);
insert into review (created_at, comment, rating, item_id, member_id, shop_id) values ('2023-10-04 12:19:02', 'Nam tristique tortor eu pede.', 2, 4, 5, 5);
insert into review (created_at, comment, rating, item_id, member_id, shop_id) values ('2023-04-21 13:40:38', 'Vivamus metus arcu, adipiscing molestie, hendrerit at, vulputate vitae, nisl. Aenean lectus.', 2, 160, 6, 6);
insert into review (created_at, comment, rating, item_id, member_id, shop_id) values ('2023-08-31 19:14:13', 'Nam congue, risus semper porta volutpat, quam pede lobortis ligula, sit amet eleifend pede libero quis orci. Nullam molestie nibh in lectus. Pellentesque at nulla. Suspendisse potenti.', 3, 156, 7, 7);
insert into review (created_at, comment, rating, item_id, member_id, shop_id) values ('2023-08-12 14:37:56', 'Nulla tempus.', 2, 77, 8, 8);
insert into review (created_at, comment, rating, item_id, member_id, shop_id) values ('2023-07-09 18:05:12', 'Duis consequat dui nec nisi volutpat eleifend. Donec ut dolor. Morbi vel lectus in quam fringilla rhoncus. Mauris enim leo, rhoncus sed, vestibulum sit amet, cursus id, turpis.', 3, 200, 9, 9);
insert into review (created_at, comment, rating, item_id, member_id, shop_id) values ('2023-07-25 19:13:37', 'In sagittis dui vel nisl.', 5, 87, 10, 10);
insert into review (created_at, comment, rating, item_id, member_id, shop_id) values ('2023-05-21 05:43:13', 'Lorem ipsum dolor sit amet, consectetuer adipiscing elit. Proin interdum mauris non ligula pellentesque ultrices. Phasellus id sapien in sapien iaculis congue. Vivamus metus arcu, adipiscing molestie, hendrerit at, vulputate vitae, nisl.', 4, 193, 11, 11);
insert into review (created_at, comment, rating, item_id, member_id, shop_id) values ('2023-06-30 16:30:36', 'Sed sagittis. Nam congue, risus semper porta volutpat, quam pede lobortis ligula, sit amet eleifend pede libero quis orci. Nullam molestie nibh in lectus.', 4, 77, 12, 12);
insert into review (created_at, comment, rating, item_id, member_id, shop_id) values ('2023-05-27 09:01:42', 'Proin at turpis a pede posuere nonummy.', 5, 22, 13, 13);
insert into review (created_at, comment, rating, item_id, member_id, shop_id) values ('2023-04-22 21:36:07', 'Aenean sit amet justo.', 5, 200, 14, 14);
insert into review (created_at, comment, rating, item_id, member_id, shop_id) values ('2023-06-10 14:37:41', 'Quisque id justo sit amet sapien dignissim vestibulum. Vestibulum ante ipsum primis in faucibus orci luctus et ultrices posuere cubilia Curae; Nulla dapibus dolor vel est. Donec odio justo, sollicitudin ut, suscipit a, feugiat et, eros. Vestibulum ac est lacinia nisi venenatis tristique.', 2, 37, 15, 15);
insert into review (created_at, comment, rating, item_id, member_id, shop_id) values ('2023-06-22 15:17:10', 'Vivamus vel nulla eget eros elementum pellentesque.', 1, 69, 16, 16);
insert into review (created_at, comment, rating, item_id, member_id, shop_id) values ('2023-01-29 19:08:34', 'Phasellus in felis.', 4, 156, 17, 17);
insert into review (created_at, comment, rating, item_id, member_id, shop_id) values ('2023-07-21 07:06:52', 'Nulla mollis molestie lorem. Quisque ut erat.', 5, 121, 18, 18);
insert into review (created_at, comment, rating, item_id, member_id, shop_id) values ('2022-12-05 00:25:23', 'Morbi vel lectus in quam fringilla rhoncus. Mauris enim leo, rhoncus sed, vestibulum sit amet, cursus id, turpis.', 4, 188, 19, 19);
insert into review (created_at, comment, rating, item_id, member_id, shop_id) values ('2022-11-22 04:14:42', 'Donec odio justo, sollicitudin ut, suscipit a, feugiat et, eros. Vestibulum ac est lacinia nisi venenatis tristique. Fusce congue, diam id ornare imperdiet, sapien urna pretium nisl, ut volutpat sapien arcu sed augue. Aliquam erat volutpat.', 2, 168, 20, 20);
insert into review (created_at, comment, rating, item_id, member_id, shop_id) values ('2022-10-17 12:44:12', 'Vivamus vel nulla eget eros elementum pellentesque. Quisque porta volutpat erat. Quisque erat eros, viverra eget, congue eget, semper rutrum, nulla.', 5, 7, 1, 1);
insert into review (created_at, comment, rating, item_id, member_id, shop_id) values ('2023-09-30 14:18:14', 'Proin risus. Praesent lectus. Vestibulum quam sapien, varius ut, blandit non, interdum in, ante. Vestibulum ante ipsum primis in faucibus orci luctus et ultrices posuere cubilia Curae; Duis faucibus accumsan odio.', 4, 98, 2, 2);
insert into review (created_at, comment, rating, item_id, member_id, shop_id) values ('2023-01-27 22:11:23', 'Sed ante. Vivamus tortor.', 1, 134, 3, 3);
insert into review (created_at, comment, rating, item_id, member_id, shop_id) values ('2022-10-15 18:22:58', 'Cum sociis natoque penatibus et magnis dis parturient montes, nascetur ridiculus mus. Etiam vel augue.', 5, 71, 4, 4);
insert into review (created_at, comment, rating, item_id, member_id, shop_id) values ('2023-06-13 07:43:42', 'Vestibulum ante ipsum primis in faucibus orci luctus et ultrices posuere cubilia Curae; Duis faucibus accumsan odio. Curabitur convallis.', 4, 196, 5, 5);
insert into review (created_at, comment, rating, item_id, member_id, shop_id) values ('2023-03-03 20:36:29', 'Nulla nisl. Nunc nisl. Duis bibendum, felis sed interdum venenatis, turpis enim blandit mi, in porttitor pede justo eu massa. Donec dapibus.', 5, 113, 6, 6);
insert into review (created_at, comment, rating, item_id, member_id, shop_id) values ('2023-06-24 07:32:21', 'Aenean sit amet justo. Morbi ut odio. Cras mi pede, malesuada in, imperdiet et, commodo vulputate, justo. In blandit ultrices enim.', 2, 106, 7, 7);
insert into review (created_at, comment, rating, item_id, member_id, shop_id) values ('2023-09-12 05:46:53', 'Nulla justo. Aliquam quis turpis eget elit sodales scelerisque.', 4, 191, 8, 8);
insert into review (created_at, comment, rating, item_id, member_id, shop_id) values ('2023-09-03 05:31:51', 'In est risus, auctor sed, tristique in, tempus sit amet, sem. Fusce consequat. Nulla nisl.', 3, 134, 9, 9);
insert into review (created_at, comment, rating, item_id, member_id, shop_id) values ('2022-11-17 01:54:04', 'Ut tellus. Nulla ut erat id mauris vulputate elementum. Nullam varius. Nulla facilisi.', 5, 99, 10, 10);
insert into review (created_at, comment, rating, item_id, member_id, shop_id) values ('2022-10-29 02:24:05', 'Integer a nibh. In quis justo.', 5, 132, 11, 11);
insert into review (created_at, comment, rating, item_id, member_id, shop_id) values ('2023-05-11 12:16:53', 'In hac habitasse platea dictumst. Etiam faucibus cursus urna.', 5, 120, 12, 12);
insert into review (created_at, comment, rating, item_id, member_id, shop_id) values ('2023-08-16 03:21:49', 'Morbi non lectus. Aliquam sit amet diam in magna bibendum imperdiet. Nullam orci pede, venenatis non, sodales sed, tincidunt eu, felis.', 2, 66, 13, 13);
insert into review (created_at, comment, rating, item_id, member_id, shop_id) values ('2023-06-26 07:19:04', 'Ut tellus. Nulla ut erat id mauris vulputate elementum.', 2, 153, 14, 14);
insert into review (created_at, comment, rating, item_id, member_id, shop_id) values ('2023-05-13 04:13:49', 'Cum sociis natoque penatibus et magnis dis parturient montes, nascetur ridiculus mus. Etiam vel augue. Vestibulum rutrum rutrum neque.', 3, 47, 15, 15);
insert into review (created_at, comment, rating, item_id, member_id, shop_id) values ('2023-07-21 14:22:05', 'Morbi a ipsum. Integer a nibh.', 1, 78, 16, 16);
insert into review (created_at, comment, rating, item_id, member_id, shop_id) values ('2023-04-15 21:07:54', 'In est risus, auctor sed, tristique in, tempus sit amet, sem. Fusce consequat.', 2, 85, 17, 17);
insert into review (created_at, comment, rating, item_id, member_id, shop_id) values ('2023-05-12 18:48:37', 'Cras mi pede, malesuada in, imperdiet et, commodo vulputate, justo. In blandit ultrices enim. Lorem ipsum dolor sit amet, consectetuer adipiscing elit.', 2, 29, 18, 18);
insert into review (created_at, comment, rating, item_id, member_id, shop_id) values ('2022-12-29 15:57:27', 'In hac habitasse platea dictumst.', 2, 176, 19, 19);
insert into review (created_at, comment, rating, item_id, member_id, shop_id) values ('2023-06-12 23:11:02', 'Donec semper sapien a libero.', 5, 76, 20, 20);

insert into trade (item_id, member_id, seller_id) values (2, 1, 2);
insert into trade (item_id, member_id, seller_id) values (3, 1, 3);
insert into trade (item_id, member_id, seller_id) values (4, 1, 4);
insert into trade (item_id, member_id, seller_id) values (5, 1, 5);
insert into trade (item_id, member_id, seller_id) values (6, 1, 6);
insert into trade (item_id, member_id, seller_id) values (7, 1, 7);
insert into trade (item_id, member_id, seller_id) values (8, 1, 8);
insert into trade (item_id, member_id, seller_id) values (9, 1, 9);
insert into trade (item_id, member_id, seller_id) values (10, 1, 10);
insert into trade (item_id, member_id, seller_id) values (11, 1, 11);

insert into trade (item_id, member_id, seller_id) values (12, 12, 1);
insert into trade (item_id, member_id, seller_id) values (13, 13, 1);
insert into trade (item_id, member_id, seller_id) values (14, 14, 1);
insert into trade (item_id, member_id, seller_id) values (15, 15, 1);
insert into trade (item_id, member_id, seller_id) values (16, 16, 1);
insert into trade (item_id, member_id, seller_id) values (17, 17, 1);
insert into trade (item_id, member_id, seller_id) values (18, 18, 1);
insert into trade (item_id, member_id, seller_id) values (19, 19, 1);
insert into trade (item_id, member_id, seller_id) values (20, 20, 1);
insert into trade (item_id, member_id, seller_id) values (21, 11, 1);

insert into follow (member_id, shop_id) values (1, 12);
insert into follow (member_id, shop_id) values (1, 13);
insert into follow (member_id, shop_id) values (1, 14);
insert into follow (member_id, shop_id) values (1, 15);
insert into follow (member_id, shop_id) values (1, 16);
insert into follow (member_id, shop_id) values (1, 17);
insert into follow (member_id, shop_id) values (1, 18);
insert into follow (member_id, shop_id) values (1, 19);
insert into follow (member_id, shop_id) values (1, 10);
insert into follow (member_id, shop_id) values (1, 11);

insert into follow (member_id, shop_id) values (2, 1);
insert into follow (member_id, shop_id) values (3, 1);
insert into follow (member_id, shop_id) values (4, 1);
insert into follow (member_id, shop_id) values (5, 1);
insert into follow (member_id, shop_id) values (6, 1);
insert into follow (member_id, shop_id) values (7, 1);
insert into follow (member_id, shop_id) values (8, 1);
insert into follow (member_id, shop_id) values (9, 1);
insert into follow (member_id, shop_id) values (10, 1);
insert into follow (member_id, shop_id) values (1, 1);

insert into wish (item_id, member_id) values (102, 1);
insert into wish (item_id, member_id) values (103, 1);
insert into wish (item_id, member_id) values (104, 1);
insert into wish (item_id, member_id) values (105, 1);
insert into wish (item_id, member_id) values (106, 1);
insert into wish (item_id, member_id) values (107, 1);
insert into wish (item_id, member_id) values (108, 1);
insert into wish (item_id, member_id) values (109, 1);
insert into wish (item_id, member_id) values (110, 1);
insert into wish (item_id, member_id) values (111, 1);

insert into chatroom (room_name, consumer_id, item_id, seller_id) values ('채팅방1', 2, 8, 1);
insert into chatroom (room_name, consumer_id, item_id, seller_id) values ('채팅방2', 3, 15, 1);
insert into chatroom (room_name, consumer_id, item_id, seller_id) values ('채팅방3', 1, 1, 2);
insert into chatroom (room_name, consumer_id, item_id, seller_id) values ('채팅방4', 1, 7, 3);
