insert into category_large (id, name) values (1, '여성의류');
insert into category_mid (id, name, parent) VALUES (1, '아우터', 1);
insert into category_mid (id, name, parent) VALUES (2, '상의', 1);
insert into category_mid (id, name, parent) VALUES (3, '하의', 1);
insert into category_mid (id, name, parent) VALUES (4, '원피스', 1);
insert into category_mid (id, name, parent) VALUES (5, '신발', 1);

insert into category_large (id, name) values (2, '남성의류');
insert into category_mid (id, name, parent) VALUES (6, '아우터', 2);
insert into category_mid (id, name, parent) VALUES (7, '상의', 2);
insert into category_mid (id, name, parent) VALUES (8, '하의', 2);
insert into category_mid (id, name, parent) VALUES (9, '신발', 2);

insert into category_large (id, name) values (3, '패션잡화');
insert into category_mid (id, name, parent) VALUES (10, '가방', 3);
insert into category_mid (id, name, parent) VALUES (11, '지갑', 3);
insert into category_mid (id, name, parent) VALUES (12, '시계', 3);
insert into category_mid (id, name, parent) VALUES (13, '모자', 3);
insert into category_mid (id, name, parent) VALUES (14, '안경/선글라스', 3);
insert into category_mid (id, name, parent) VALUES (15, '기타', 3);

insert into category_large (id, name) values (4, '쥬얼리');
insert into category_mid (id, name, parent) VALUES (16, '목걸이', 4);
insert into category_mid (id, name, parent) VALUES (17, '반지', 4);
insert into category_mid (id, name, parent) VALUES (18, '귀걸이/피어싱', 4);
insert into category_mid (id, name, parent) VALUES (19, '팔찌', 4);
insert into category_mid (id, name, parent) VALUES (20, '기타', 4);

insert into member (nickname, username, image) values ('hwassell0', 1, 'http://dummyimage.com/216x202.png/dddddd/000000');
insert into member (nickname, username, image) values ('dblasoni1', 2, 'http://dummyimage.com/236x229.png/dddddd/000000');
insert into member (nickname, username, image) values ('nleigh2', 3, 'http://dummyimage.com/176x176.png/cc0000/ffffff');
insert into member (nickname, username, image) values ('fabramow3', 4, 'http://dummyimage.com/208x209.png/cc0000/ffffff');
insert into member (nickname, username, image) values ('dtegler4', 5, 'http://dummyimage.com/166x235.png/cc0000/ffffff');
insert into member (nickname, username, image) values ('achinnery5', 6, 'http://dummyimage.com/154x204.png/cc0000/ffffff');
insert into member (nickname, username, image) values ('lcroshaw6', 7, 'http://dummyimage.com/174x157.png/cc0000/ffffff');
insert into member (nickname, username, image) values ('jmanus7', 8, 'http://dummyimage.com/184x207.png/5fa2dd/ffffff');
insert into member (nickname, username, image) values ('gcoley8', 9, 'http://dummyimage.com/214x201.png/cc0000/ffffff');
insert into member (nickname, username, image) values ('kfolini9', 10, 'http://dummyimage.com/221x136.png/5fa2dd/ffffff');
insert into member (nickname, username, image) values ('gglassoppa', 11, 'http://dummyimage.com/153x227.png/5fa2dd/ffffff');
insert into member (nickname, username, image) values ('gcoburnb', 12, 'http://dummyimage.com/151x242.png/5fa2dd/ffffff');
insert into member (nickname, username, image) values ('dvirrc', 13, 'http://dummyimage.com/170x123.png/cc0000/ffffff');
insert into member (nickname, username, image) values ('rgarshored', 14, 'http://dummyimage.com/243x237.png/dddddd/000000');
insert into member (nickname, username, image) values ('kcawdelle', 15, 'http://dummyimage.com/103x116.png/ff4444/ffffff');
insert into member (nickname, username, image) values ('wschaumannf', 16, 'http://dummyimage.com/158x150.png/5fa2dd/ffffff');
insert into member (nickname, username, image) values ('wmatterseyg', 17, 'http://dummyimage.com/200x146.png/dddddd/000000');
insert into member (nickname, username, image) values ('adepkah', 18, 'http://dummyimage.com/230x137.png/dddddd/000000');
insert into member (nickname, username, image) values ('mfeatherstonei', 19, 'http://dummyimage.com/102x200.png/5fa2dd/ffffff');
insert into member (nickname, username, image) values ('dpendellj', 20, 'http://dummyimage.com/197x214.png/dddddd/000000');

insert into member_location (member_id, name, latitude, longitude) values (1, '7736 Lighthouse Bay Pass', '531', '487');
insert into member_location (member_id, name, latitude, longitude) values (2, '77647 Chive Pass', '699', '540');
insert into member_location (member_id, name, latitude, longitude) values (3, '5 Shoshone Avenue', '234', '455');
insert into member_location (member_id, name, latitude, longitude) values (4, '6 Garrison Lane', '651', '516');
insert into member_location (member_id, name, latitude, longitude) values (5, '45 Pine View Hill', '503', '447');
insert into member_location (member_id, name, latitude, longitude) values (6, '5130 Westend Plaza', '799', '924');
insert into member_location (member_id, name, latitude, longitude) values (7, '7772 Fair Oaks Hill', '002', '492');
insert into member_location (member_id, name, latitude, longitude) values (8, '26112 Nelson Plaza', '772', '998');
insert into member_location (member_id, name, latitude, longitude) values (9, '95327 Lakewood Gardens Pass', '257', '577');
insert into member_location (member_id, name, latitude, longitude) values (10, '92 Michigan Avenue', '539', '516');
insert into member_location (member_id, name, latitude, longitude) values (11, '5550 Grover Court', '690', '415');
insert into member_location (member_id, name, latitude, longitude) values (12, '42 Paget Street', '625', '364');
insert into member_location (member_id, name, latitude, longitude) values (13, '5906 Fallview Drive', '551', '936');
insert into member_location (member_id, name, latitude, longitude) values (14, '335 Lawn Avenue', '723', '798');
insert into member_location (member_id, name, latitude, longitude) values (15, '40 Golf Park', '114', '505');
insert into member_location (member_id, name, latitude, longitude) values (16, '66 Stuart Plaza', '353', '595');
insert into member_location (member_id, name, latitude, longitude) values (17, '30579 American Ash Circle', '411', '728');
insert into member_location (member_id, name, latitude, longitude) values (18, '7 Bashford Parkway', '417', '180');
insert into member_location (member_id, name, latitude, longitude) values (19, '300 Gale Avenue', '540', '007');
insert into member_location (member_id, name, latitude, longitude) values (20, '9 Marquette Avenue', '556', '399');

insert into shop (seller_id, intro, name) values (1, 'Etiam vel augue. Vestibulum rutrum rutrum neque. Aenean auctor gravida sem.', 'jbiggen0');
insert into shop (seller_id, intro, name) values (2, 'Ut at dolor quis odio consequat varius. Integer ac leo.', 'cmaccurlye1');
insert into shop (seller_id, intro, name) values (3, 'Aliquam quis turpis eget elit sodales scelerisque.', 'santonin2');
insert into shop (seller_id, intro, name) values (4, 'Duis ac nibh. Fusce lacus purus, aliquet at, feugiat non, pretium quis, lectus.', 'cfrounks3');
insert into shop (seller_id, intro, name) values (5, 'Duis ac nibh.', 'caylett4');
insert into shop (seller_id, intro, name) values (6, 'Lorem ipsum dolor sit amet, consectetuer adipiscing elit. Proin interdum mauris non ligula pellentesque ultrices.', 'mfiles5');
insert into shop (seller_id, intro, name) values (7, 'Vestibulum ac est lacinia nisi venenatis tristique. Fusce congue, diam id ornare imperdiet, sapien urna pretium nisl, ut volutpat sapien arcu sed augue.', 'pgarken6');
insert into shop (seller_id, intro, name) values (8, 'Nulla tempus. Vivamus in felis eu sapien cursus vestibulum. Proin eu mi.', 'tcoppin7');
insert into shop (seller_id, intro, name) values (9, 'Donec semper sapien a libero.', 'hlacknor8');
insert into shop (seller_id, intro, name) values (10, 'Quisque arcu libero, rutrum ac, lobortis vel, dapibus at, diam.', 'arowth9');
insert into shop (seller_id, intro, name) values (11, 'Pellentesque eget nunc.', 'lmccalistera');
insert into shop (seller_id, intro, name) values (12, 'Maecenas leo odio, condimentum id, luctus nec, molestie sed, justo.', 'ctaffeeb');
insert into shop (seller_id, intro, name) values (13, 'Nulla ut erat id mauris vulputate elementum. Nullam varius.', 'ezarbc');
insert into shop (seller_id, intro, name) values (14, 'Maecenas rhoncus aliquam lacus.', 'nbolderoed');
insert into shop (seller_id, intro, name) values (15, 'Morbi non lectus.', 'walfonsoe');
insert into shop (seller_id, intro, name) values (16, 'Nulla mollis molestie lorem. Quisque ut erat.', 'hmittenf');
insert into shop (seller_id, intro, name) values (17, 'Maecenas pulvinar lobortis est.', 'lbatthewg');
insert into shop (seller_id, intro, name) values (18, 'Praesent blandit lacinia erat. Vestibulum sed magna at nunc commodo placerat. Praesent blandit.', 'tbassillh');
insert into shop (seller_id, intro, name) values (19, 'Ut at dolor quis odio consequat varius.', 'istclairi');
insert into shop (seller_id, intro, name) values (20, 'Praesent lectus. Vestibulum quam sapien, varius ut, blandit non, interdum in, ante. Vestibulum ante ipsum primis in faucibus orci luctus et ultrices posuere cubilia Curae; Duis faucibus accumsan odio.', 'rfrankiewiczj');

insert into item (created_at, comment, main_image_url, name, price, state, category_mid_id, shop_id) values ('2023-08-27T08:50:02Z', 'Suspendisse ornare consequat lectus.', 'http://dummyimage.com/176x250.png/cc0000/ffffff', 'Coffee - Beans, Whole', 67978, 1, 12, 5);
insert into item (created_at, comment, main_image_url, name, price, state, category_mid_id, shop_id) values ('2023-01-23T08:14:50Z', 'Morbi ut odio.', 'http://dummyimage.com/104x250.png/cc0000/ffffff', 'Spice - Chili Powder Mexican', 28132, 1, 10, 1);
insert into item (created_at, comment, main_image_url, name, price, state, category_mid_id, shop_id) values ('2023-06-08T19:53:21Z', 'Nulla neque libero, convallis eget, eleifend luctus, ultricies eu, nibh.', 'http://dummyimage.com/164x236.png/5fa2dd/ffffff', 'Crackers - Water', 99679, 1, 8, 4);
insert into item (created_at, comment, main_image_url, name, price, state, category_mid_id, shop_id) values ('2023-01-25T15:55:40Z', 'Donec ut mauris eget massa tempor convallis.', 'http://dummyimage.com/128x217.png/ff4444/ffffff', 'Truffle Paste', 35724, 1, 20, 5);
insert into item (created_at, comment, main_image_url, name, price, state, category_mid_id, shop_id) values ('2022-11-11T13:25:39Z', 'Duis consequat dui nec nisi volutpat eleifend.', 'http://dummyimage.com/122x181.png/5fa2dd/ffffff', 'Fennel - Seeds', 47266, 1, 14, 1);
insert into item (created_at, comment, main_image_url, name, price, state, category_mid_id, shop_id) values ('2022-11-01T11:13:55Z', 'In congue.', 'http://dummyimage.com/236x227.png/dddddd/000000', 'Tortillas - Flour, 12', 53400, 1, 15, 2);
insert into item (created_at, comment, main_image_url, name, price, state, category_mid_id, shop_id) values ('2023-09-07T20:04:32Z', 'In est risus, auctor sed, tristique in, tempus sit amet, sem.', 'http://dummyimage.com/119x107.png/ff4444/ffffff', 'Coconut - Shredded, Sweet', 22732, 1, 10, 7);
insert into item (created_at, comment, main_image_url, name, price, state, category_mid_id, shop_id) values ('2023-01-23T03:00:22Z', 'Sed ante.', 'http://dummyimage.com/203x195.png/dddddd/000000', 'Wine - Barolo Fontanafredda', 31454, 1, 9, 5);
insert into item (created_at, comment, main_image_url, name, price, state, category_mid_id, shop_id) values ('2022-12-05T02:47:34Z', 'Integer tincidunt ante vel ipsum.', 'http://dummyimage.com/204x109.png/dddddd/000000', 'Artichoke - Bottom, Canned', 9945, 1, 11, 1);
insert into item (created_at, comment, main_image_url, name, price, state, category_mid_id, shop_id) values ('2022-11-08T05:02:35Z', 'Vivamus in felis eu sapien cursus vestibulum.', 'http://dummyimage.com/179x203.png/ff4444/ffffff', 'Nut - Hazelnut, Whole', 21717, 1, 7, 5);
insert into item (created_at, comment, main_image_url, name, price, state, category_mid_id, shop_id) values ('2023-10-11T03:16:00Z', 'Aliquam sit amet diam in magna bibendum imperdiet.', 'http://dummyimage.com/188x250.png/ff4444/ffffff', 'Phyllo Dough', 96128, 1, 8, 5);
insert into item (created_at, comment, main_image_url, name, price, state, category_mid_id, shop_id) values ('2023-08-15T13:01:50Z', 'Sed sagittis.', 'http://dummyimage.com/249x133.png/ff4444/ffffff', 'Pecan Raisin - Tarts', 48781, 1, 9, 4);
insert into item (created_at, comment, main_image_url, name, price, state, category_mid_id, shop_id) values ('2023-06-21T05:08:23Z', 'Vivamus vestibulum sagittis sapien.', 'http://dummyimage.com/207x107.png/ff4444/ffffff', 'Fish - Artic Char, Cold Smoked', 59610, 1, 6, 7);
insert into item (created_at, comment, main_image_url, name, price, state, category_mid_id, shop_id) values ('2023-02-16T13:44:13Z', 'Integer non velit.', 'http://dummyimage.com/181x101.png/ff4444/ffffff', 'Dasheen', 53574, 1, 3, 7);
insert into item (created_at, comment, main_image_url, name, price, state, category_mid_id, shop_id) values ('2022-11-20T15:59:54Z', 'Cum sociis natoque penatibus et magnis dis parturient montes, nascetur ridiculus mus.', 'http://dummyimage.com/152x134.png/ff4444/ffffff', 'Bar Mix - Lemon', 12885, 1, 16, 2);
insert into item (created_at, comment, main_image_url, name, price, state, category_mid_id, shop_id) values ('2022-12-18T04:57:33Z', 'Donec diam neque, vestibulum eget, vulputate ut, ultrices vel, augue.', 'http://dummyimage.com/249x206.png/cc0000/ffffff', 'Wine - Vovray Sec Domaine Huet', 40438, 1, 10, 6);
insert into item (created_at, comment, main_image_url, name, price, state, category_mid_id, shop_id) values ('2023-08-05T08:30:00Z', 'Suspendisse potenti.', 'http://dummyimage.com/145x213.png/ff4444/ffffff', 'Wine - Carmenere Casillero Del', 53569, 1, 7, 7);
insert into item (created_at, comment, main_image_url, name, price, state, category_mid_id, shop_id) values ('2023-01-11T14:49:42Z', 'Suspendisse ornare consequat lectus.', 'http://dummyimage.com/225x197.png/dddddd/000000', 'Oil - Cooking Spray', 91014, 1, 18, 2);
insert into item (created_at, comment, main_image_url, name, price, state, category_mid_id, shop_id) values ('2022-12-18T06:52:29Z', 'In blandit ultrices enim.', 'http://dummyimage.com/165x166.png/cc0000/ffffff', 'Mustard - Dijon', 63282, 1, 11, 6);
insert into item (created_at, comment, main_image_url, name, price, state, category_mid_id, shop_id) values ('2023-01-09T10:07:01Z', 'Cras mi pede, malesuada in, imperdiet et, commodo vulputate, justo.', 'http://dummyimage.com/134x155.png/dddddd/000000', 'Toothpick Frilled', 32731, 1, 5, 4);
insert into item (created_at, comment, main_image_url, name, price, state, category_mid_id, shop_id) values ('2022-12-16T19:04:02Z', 'Aliquam erat volutpat.', 'http://dummyimage.com/223x174.png/cc0000/ffffff', 'Chervil - Fresh', 75326, 1, 2, 4);
insert into item (created_at, comment, main_image_url, name, price, state, category_mid_id, shop_id) values ('2023-07-20T20:23:45Z', 'Proin leo odio, porttitor id, consequat in, consequat ut, nulla.', 'http://dummyimage.com/213x182.png/cc0000/ffffff', 'Puff Pastry - Sheets', 71663, 1, 5, 7);
insert into item (created_at, comment, main_image_url, name, price, state, category_mid_id, shop_id) values ('2022-12-08T15:33:49Z', 'Mauris sit amet eros.', 'http://dummyimage.com/226x132.png/cc0000/ffffff', 'Extract Vanilla Pure', 30346, 1, 17, 3);
insert into item (created_at, comment, main_image_url, name, price, state, category_mid_id, shop_id) values ('2023-09-17T10:02:06Z', 'Pellentesque eget nunc.', 'http://dummyimage.com/152x221.png/cc0000/ffffff', 'Cheese - Grie Des Champ', 40898, 1, 12, 2);
insert into item (created_at, comment, main_image_url, name, price, state, category_mid_id, shop_id) values ('2023-01-27T16:49:30Z', 'In quis justo.', 'http://dummyimage.com/103x177.png/ff4444/ffffff', 'Syrup - Monin, Swiss Choclate', 29685, 1, 20, 1);
insert into item (created_at, comment, main_image_url, name, price, state, category_mid_id, shop_id) values ('2023-01-05T21:12:57Z', 'Sed ante.', 'http://dummyimage.com/201x192.png/ff4444/ffffff', 'Plasticforkblack', 8691, 1, 6, 3);
insert into item (created_at, comment, main_image_url, name, price, state, category_mid_id, shop_id) values ('2022-11-21T16:32:57Z', 'Maecenas ut massa quis augue luctus tincidunt.', 'http://dummyimage.com/139x183.png/5fa2dd/ffffff', 'Flour - Fast / Rapid', 9543, 1, 17, 4);
insert into item (created_at, comment, main_image_url, name, price, state, category_mid_id, shop_id) values ('2023-03-27T09:49:12Z', 'In blandit ultrices enim.', 'http://dummyimage.com/174x135.png/cc0000/ffffff', 'Spring Roll Veg Mini', 5973, 1, 11, 4);
insert into item (created_at, comment, main_image_url, name, price, state, category_mid_id, shop_id) values ('2023-02-06T01:42:34Z', 'Donec odio justo, sollicitudin ut, suscipit a, feugiat et, eros.', 'http://dummyimage.com/125x147.png/ff4444/ffffff', 'Hog / Sausage Casing - Pork', 23374, 1, 13, 5);
insert into item (created_at, comment, main_image_url, name, price, state, category_mid_id, shop_id) values ('2022-12-26T21:44:39Z', 'Etiam pretium iaculis justo.', 'http://dummyimage.com/177x135.png/cc0000/ffffff', 'Beans - Kidney White', 44380, 1, 11, 6);
insert into item (created_at, comment, main_image_url, name, price, state, category_mid_id, shop_id) values ('2023-09-22T10:28:45Z', 'Vestibulum ac est lacinia nisi venenatis tristique.', 'http://dummyimage.com/113x205.png/ff4444/ffffff', 'Crawfish', 33344, 1, 14, 5);
insert into item (created_at, comment, main_image_url, name, price, state, category_mid_id, shop_id) values ('2023-02-04T12:53:50Z', 'Nulla justo.', 'http://dummyimage.com/148x215.png/dddddd/000000', 'Nougat - Paste / Cream', 23997, 1, 19, 6);
insert into item (created_at, comment, main_image_url, name, price, state, category_mid_id, shop_id) values ('2023-03-29T12:52:09Z', 'Morbi porttitor lorem id ligula.', 'http://dummyimage.com/159x159.png/dddddd/000000', 'Bay Leaf', 68722, 1, 20, 1);
insert into item (created_at, comment, main_image_url, name, price, state, category_mid_id, shop_id) values ('2023-02-15T16:27:56Z', 'Praesent blandit.', 'http://dummyimage.com/176x210.png/5fa2dd/ffffff', 'Wine - Cava Aria Estate Brut', 30063, 1, 10, 6);
insert into item (created_at, comment, main_image_url, name, price, state, category_mid_id, shop_id) values ('2022-12-09T18:22:26Z', 'Integer ac neque.', 'http://dummyimage.com/199x204.png/ff4444/ffffff', 'Wine - Trimbach Pinot Blanc', 53275, 1, 16, 3);
insert into item (created_at, comment, main_image_url, name, price, state, category_mid_id, shop_id) values ('2023-06-09T14:24:46Z', 'Vestibulum rutrum rutrum neque.', 'http://dummyimage.com/165x218.png/dddddd/000000', 'Tomato - Plum With Basil', 99587, 1, 9, 6);
insert into item (created_at, comment, main_image_url, name, price, state, category_mid_id, shop_id) values ('2023-01-15T12:08:53Z', 'Nulla neque libero, convallis eget, eleifend luctus, ultricies eu, nibh.', 'http://dummyimage.com/185x120.png/dddddd/000000', 'Flower - Daisies', 85841, 1, 2, 5);
insert into item (created_at, comment, main_image_url, name, price, state, category_mid_id, shop_id) values ('2022-11-28T07:10:29Z', 'Proin leo odio, porttitor id, consequat in, consequat ut, nulla.', 'http://dummyimage.com/206x245.png/5fa2dd/ffffff', 'Paper Towel Touchless', 91353, 1, 9, 6);
insert into item (created_at, comment, main_image_url, name, price, state, category_mid_id, shop_id) values ('2023-05-15T09:44:24Z', 'Nullam porttitor lacus at turpis.', 'http://dummyimage.com/123x225.png/ff4444/ffffff', 'Olives - Black, Pitted', 85389, 1, 4, 2);
insert into item (created_at, comment, main_image_url, name, price, state, category_mid_id, shop_id) values ('2022-12-28T01:20:33Z', 'Ut at dolor quis odio consequat varius.', 'http://dummyimage.com/114x227.png/5fa2dd/ffffff', 'Marjoram - Fresh', 96258, 1, 13, 4);
insert into item (created_at, comment, main_image_url, name, price, state, category_mid_id, shop_id) values ('2023-01-30T16:41:13Z', 'Quisque ut erat.', 'http://dummyimage.com/136x145.png/ff4444/ffffff', 'Ham - Cooked Bayonne Tinned', 9278, 1, 20, 4);
insert into item (created_at, comment, main_image_url, name, price, state, category_mid_id, shop_id) values ('2022-10-15T02:03:47Z', 'Aliquam quis turpis eget elit sodales scelerisque.', 'http://dummyimage.com/161x167.png/dddddd/000000', 'Melon - Watermelon Yellow', 78065, 1, 16, 2);
insert into item (created_at, comment, main_image_url, name, price, state, category_mid_id, shop_id) values ('2023-04-28T03:52:53Z', 'Cum sociis natoque penatibus et magnis dis parturient montes, nascetur ridiculus mus.', 'http://dummyimage.com/150x129.png/cc0000/ffffff', 'Wine - Mas Chicet Rose, Vintage', 21715, 1, 17, 6);
insert into item (created_at, comment, main_image_url, name, price, state, category_mid_id, shop_id) values ('2023-03-23T01:23:09Z', 'Maecenas pulvinar lobortis est.', 'http://dummyimage.com/119x224.png/ff4444/ffffff', 'Arizona - Plum Green Tea', 5912, 1, 16, 4);
insert into item (created_at, comment, main_image_url, name, price, state, category_mid_id, shop_id) values ('2023-07-09T12:57:25Z', 'In quis justo.', 'http://dummyimage.com/229x250.png/cc0000/ffffff', 'Veal - Inside, Choice', 95515, 1, 3, 3);
insert into item (created_at, comment, main_image_url, name, price, state, category_mid_id, shop_id) values ('2023-07-06T17:00:06Z', 'Integer a nibh.', 'http://dummyimage.com/161x171.png/5fa2dd/ffffff', 'Yoplait Drink', 63370, 1, 10, 2);
insert into item (created_at, comment, main_image_url, name, price, state, category_mid_id, shop_id) values ('2023-07-31T10:25:16Z', 'Maecenas tristique, est et tempus semper, est quam pharetra magna, ac consequat metus sapien ut nunc.', 'http://dummyimage.com/152x243.png/5fa2dd/ffffff', 'Broom And Brush Rack Black', 2576, 1, 19, 2);
insert into item (created_at, comment, main_image_url, name, price, state, category_mid_id, shop_id) values ('2022-12-16T08:55:29Z', 'Ut at dolor quis odio consequat varius.', 'http://dummyimage.com/189x205.png/5fa2dd/ffffff', 'Pasta - Detalini, White, Fresh', 44758, 1, 15, 2);
insert into item (created_at, comment, main_image_url, name, price, state, category_mid_id, shop_id) values ('2023-01-21T09:56:25Z', 'Vestibulum ante ipsum primis in faucibus orci luctus et ultrices posuere cubilia Curae; Nulla dapibus dolor vel est.', 'http://dummyimage.com/246x249.png/cc0000/ffffff', 'Fuji Apples', 77903, 1, 14, 2);
insert into item (created_at, comment, main_image_url, name, price, state, category_mid_id, shop_id) values ('2023-02-03T16:23:30Z', 'In sagittis dui vel nisl.', 'http://dummyimage.com/141x210.png/ff4444/ffffff', 'Gatorade - Orange', 9163, 1, 20, 2);
insert into item (created_at, comment, main_image_url, name, price, state, category_mid_id, shop_id) values ('2023-09-23T00:36:13Z', 'Suspendisse accumsan tortor quis turpis.', 'http://dummyimage.com/202x212.png/5fa2dd/ffffff', 'Ice Cream - Fudge Bars', 22414, 1, 13, 7);
insert into item (created_at, comment, main_image_url, name, price, state, category_mid_id, shop_id) values ('2023-05-19T13:41:52Z', 'Morbi sem mauris, laoreet ut, rhoncus aliquet, pulvinar sed, nisl.', 'http://dummyimage.com/216x152.png/ff4444/ffffff', 'Dooleys Toffee', 54139, 1, 6, 1);
insert into item (created_at, comment, main_image_url, name, price, state, category_mid_id, shop_id) values ('2023-07-18T00:18:22Z', 'Pellentesque eget nunc.', 'http://dummyimage.com/150x116.png/ff4444/ffffff', 'Coffee - Dark Roast', 38917, 1, 14, 2);
insert into item (created_at, comment, main_image_url, name, price, state, category_mid_id, shop_id) values ('2023-01-28T20:59:06Z', 'Nam ultrices, libero non mattis pulvinar, nulla pede ullamcorper augue, a suscipit nulla elit ac nulla.', 'http://dummyimage.com/182x165.png/cc0000/ffffff', 'Cake - Bande Of Fruit', 96304, 1, 6, 5);
insert into item (created_at, comment, main_image_url, name, price, state, category_mid_id, shop_id) values ('2023-03-27T15:19:30Z', 'Donec ut dolor.', 'http://dummyimage.com/227x187.png/5fa2dd/ffffff', 'Oats Large Flake', 91626, 1, 15, 7);
insert into item (created_at, comment, main_image_url, name, price, state, category_mid_id, shop_id) values ('2022-11-04T21:17:18Z', 'Maecenas tincidunt lacus at velit.', 'http://dummyimage.com/180x200.png/cc0000/ffffff', 'Compound - Mocha', 95457, 1, 13, 4);
insert into item (created_at, comment, main_image_url, name, price, state, category_mid_id, shop_id) values ('2023-03-16T23:36:12Z', 'Vestibulum ante ipsum primis in faucibus orci luctus et ultrices posuere cubilia Curae; Nulla dapibus dolor vel est.', 'http://dummyimage.com/207x167.png/5fa2dd/ffffff', 'Ham - Proscuitto', 78348, 1, 9, 2);
insert into item (created_at, comment, main_image_url, name, price, state, category_mid_id, shop_id) values ('2023-08-06T12:33:07Z', 'Aenean lectus.', 'http://dummyimage.com/185x220.png/cc0000/ffffff', 'Tomato Puree', 12839, 1, 16, 7);
insert into item (created_at, comment, main_image_url, name, price, state, category_mid_id, shop_id) values ('2023-08-22T07:38:50Z', 'Integer a nibh.', 'http://dummyimage.com/129x175.png/5fa2dd/ffffff', 'Oil - Avocado', 88629, 1, 17, 4);
insert into item (created_at, comment, main_image_url, name, price, state, category_mid_id, shop_id) values ('2023-02-25T13:29:33Z', 'Fusce congue, diam id ornare imperdiet, sapien urna pretium nisl, ut volutpat sapien arcu sed augue.', 'http://dummyimage.com/190x121.png/ff4444/ffffff', 'Apple - Delicious, Red', 98388, 1, 9, 2);
insert into item (created_at, comment, main_image_url, name, price, state, category_mid_id, shop_id) values ('2022-12-01T16:18:22Z', 'Maecenas rhoncus aliquam lacus.', 'http://dummyimage.com/225x159.png/5fa2dd/ffffff', 'Melon - Honey Dew', 50732, 1, 20, 6);
insert into item (created_at, comment, main_image_url, name, price, state, category_mid_id, shop_id) values ('2023-05-01T14:51:15Z', 'Vestibulum ante ipsum primis in faucibus orci luctus et ultrices posuere cubilia Curae; Nulla dapibus dolor vel est.', 'http://dummyimage.com/138x136.png/cc0000/ffffff', 'Beef - Short Ribs', 12676, 1, 8, 4);
insert into item (created_at, comment, main_image_url, name, price, state, category_mid_id, shop_id) values ('2023-09-27T11:38:22Z', 'Morbi vel lectus in quam fringilla rhoncus.', 'http://dummyimage.com/248x230.png/dddddd/000000', 'Wine - Red, Cabernet Merlot', 98741, 1, 9, 2);
insert into item (created_at, comment, main_image_url, name, price, state, category_mid_id, shop_id) values ('2023-04-11T11:30:58Z', 'Integer ac leo.', 'http://dummyimage.com/115x213.png/ff4444/ffffff', 'Salt - Seasoned', 46691, 1, 8, 2);
insert into item (created_at, comment, main_image_url, name, price, state, category_mid_id, shop_id) values ('2023-05-04T01:32:53Z', 'In congue.', 'http://dummyimage.com/116x181.png/dddddd/000000', 'Shark - Loin', 46468, 1, 14, 5);
insert into item (created_at, comment, main_image_url, name, price, state, category_mid_id, shop_id) values ('2023-07-11T20:45:31Z', 'Etiam vel augue.', 'http://dummyimage.com/125x185.png/dddddd/000000', 'Napkin Colour', 45259, 1, 3, 5);
insert into item (created_at, comment, main_image_url, name, price, state, category_mid_id, shop_id) values ('2023-02-12T15:35:18Z', 'Integer pede justo, lacinia eget, tincidunt eget, tempus vel, pede.', 'http://dummyimage.com/174x229.png/dddddd/000000', 'Laundry - Bag Cloth', 84473, 1, 8, 3);
insert into item (created_at, comment, main_image_url, name, price, state, category_mid_id, shop_id) values ('2023-06-29T14:36:26Z', 'Curabitur gravida nisi at nibh.', 'http://dummyimage.com/155x119.png/ff4444/ffffff', 'Bread - Hamburger Buns', 35667, 1, 7, 5);
insert into item (created_at, comment, main_image_url, name, price, state, category_mid_id, shop_id) values ('2023-03-09T21:51:09Z', 'Curabitur at ipsum ac tellus semper interdum.', 'http://dummyimage.com/153x154.png/ff4444/ffffff', 'Juice - Cranberry, 341 Ml', 68887, 1, 20, 4);
insert into item (created_at, comment, main_image_url, name, price, state, category_mid_id, shop_id) values ('2023-07-24T03:54:49Z', 'Cras pellentesque volutpat dui.', 'http://dummyimage.com/164x218.png/ff4444/ffffff', 'Turkey - Breast, Double', 43019, 1, 14, 3);
insert into item (created_at, comment, main_image_url, name, price, state, category_mid_id, shop_id) values ('2023-04-14T00:21:15Z', 'Aenean lectus.', 'http://dummyimage.com/217x129.png/ff4444/ffffff', 'Venison - Racks Frenched', 82647, 1, 7, 3);
insert into item (created_at, comment, main_image_url, name, price, state, category_mid_id, shop_id) values ('2023-07-12T10:17:46Z', 'Nam dui.', 'http://dummyimage.com/179x102.png/5fa2dd/ffffff', 'Flour - Strong Pizza', 25030, 1, 2, 2);
insert into item (created_at, comment, main_image_url, name, price, state, category_mid_id, shop_id) values ('2023-06-29T20:10:34Z', 'In tempor, turpis nec euismod scelerisque, quam turpis adipiscing lorem, vitae mattis nibh ligula nec sem.', 'http://dummyimage.com/157x103.png/ff4444/ffffff', 'Wine - Manischewitz Concord', 31615, 1, 1, 6);
insert into item (created_at, comment, main_image_url, name, price, state, category_mid_id, shop_id) values ('2023-01-29T06:46:00Z', 'Nullam porttitor lacus at turpis.', 'http://dummyimage.com/225x170.png/dddddd/000000', 'Carbonated Water - Peach', 57097, 1, 12, 4);
insert into item (created_at, comment, main_image_url, name, price, state, category_mid_id, shop_id) values ('2022-11-16T12:44:59Z', 'Morbi odio odio, elementum eu, interdum eu, tincidunt in, leo.', 'http://dummyimage.com/104x123.png/ff4444/ffffff', 'Green Tea Refresher', 89483, 1, 19, 3);
insert into item (created_at, comment, main_image_url, name, price, state, category_mid_id, shop_id) values ('2023-07-15T08:48:55Z', 'Vestibulum ante ipsum primis in faucibus orci luctus et ultrices posuere cubilia Curae; Nulla dapibus dolor vel est.', 'http://dummyimage.com/177x126.png/cc0000/ffffff', 'Muffin Mix - Chocolate Chip', 92304, 1, 14, 4);
insert into item (created_at, comment, main_image_url, name, price, state, category_mid_id, shop_id) values ('2023-07-06T09:24:18Z', 'Nulla tellus.', 'http://dummyimage.com/169x201.png/5fa2dd/ffffff', 'Lamb - Whole, Fresh', 92498, 1, 3, 7);
insert into item (created_at, comment, main_image_url, name, price, state, category_mid_id, shop_id) values ('2023-07-01T01:57:06Z', 'Maecenas pulvinar lobortis est.', 'http://dummyimage.com/148x187.png/dddddd/000000', 'Cheese - Cottage Cheese', 85972, 1, 4, 5);
insert into item (created_at, comment, main_image_url, name, price, state, category_mid_id, shop_id) values ('2022-11-13T05:30:53Z', 'Proin leo odio, porttitor id, consequat in, consequat ut, nulla.', 'http://dummyimage.com/188x167.png/cc0000/ffffff', 'Chinese Foods - Thick Noodles', 32937, 1, 4, 3);
insert into item (created_at, comment, main_image_url, name, price, state, category_mid_id, shop_id) values ('2023-09-07T09:06:35Z', 'Nulla nisl.', 'http://dummyimage.com/174x209.png/cc0000/ffffff', 'Veal - Inside Round / Top, Lean', 75592, 1, 12, 7);
insert into item (created_at, comment, main_image_url, name, price, state, category_mid_id, shop_id) values ('2023-05-24T04:37:30Z', 'Nam dui.', 'http://dummyimage.com/112x240.png/ff4444/ffffff', 'Wine - Vidal Icewine Magnotta', 54573, 1, 4, 4);
insert into item (created_at, comment, main_image_url, name, price, state, category_mid_id, shop_id) values ('2023-06-29T05:09:33Z', 'Maecenas tristique, est et tempus semper, est quam pharetra magna, ac consequat metus sapien ut nunc.', 'http://dummyimage.com/194x239.png/ff4444/ffffff', 'Wine - Alsace Riesling Reserve', 54859, 1, 3, 6);
insert into item (created_at, comment, main_image_url, name, price, state, category_mid_id, shop_id) values ('2023-02-26T03:29:19Z', 'Morbi sem mauris, laoreet ut, rhoncus aliquet, pulvinar sed, nisl.', 'http://dummyimage.com/103x249.png/ff4444/ffffff', 'Wine - Trimbach Pinot Blanc', 87118, 1, 5, 6);
insert into item (created_at, comment, main_image_url, name, price, state, category_mid_id, shop_id) values ('2023-06-04T06:22:42Z', 'Nam dui.', 'http://dummyimage.com/231x123.png/5fa2dd/ffffff', 'Pork - Side Ribs', 45328, 1, 6, 1);
insert into item (created_at, comment, main_image_url, name, price, state, category_mid_id, shop_id) values ('2022-11-28T15:01:05Z', 'Phasellus in felis.', 'http://dummyimage.com/202x156.png/5fa2dd/ffffff', 'Beans - Green', 31191, 1, 20, 2);
insert into item (created_at, comment, main_image_url, name, price, state, category_mid_id, shop_id) values ('2023-03-25T11:18:45Z', 'Vivamus tortor.', 'http://dummyimage.com/204x177.png/cc0000/ffffff', 'Coconut - Shredded, Unsweet', 83510, 1, 9, 7);
insert into item (created_at, comment, main_image_url, name, price, state, category_mid_id, shop_id) values ('2023-08-28T13:33:22Z', 'Curabitur gravida nisi at nibh.', 'http://dummyimage.com/212x159.png/ff4444/ffffff', 'Cake - Mini Cheesecake', 44452, 1, 5, 2);
insert into item (created_at, comment, main_image_url, name, price, state, category_mid_id, shop_id) values ('2022-11-18T08:07:40Z', 'Sed sagittis.', 'http://dummyimage.com/219x177.png/dddddd/000000', 'Salt - Table', 37652, 1, 13, 4);
insert into item (created_at, comment, main_image_url, name, price, state, category_mid_id, shop_id) values ('2023-09-10T10:59:59Z', 'Donec posuere metus vitae ipsum.', 'http://dummyimage.com/233x192.png/ff4444/ffffff', 'Rice - Brown', 72943, 1, 14, 2);
insert into item (created_at, comment, main_image_url, name, price, state, category_mid_id, shop_id) values ('2023-08-13T16:56:14Z', 'Pellentesque viverra pede ac diam.', 'http://dummyimage.com/230x100.png/ff4444/ffffff', 'The Pop Shoppe - Cream Soda', 15717, 1, 7, 4);
insert into item (created_at, comment, main_image_url, name, price, state, category_mid_id, shop_id) values ('2023-04-21T15:10:58Z', 'Quisque porta volutpat erat.', 'http://dummyimage.com/130x244.png/5fa2dd/ffffff', 'Wine - Lou Black Shiraz', 19350, 1, 19, 7);
insert into item (created_at, comment, main_image_url, name, price, state, category_mid_id, shop_id) values ('2023-01-03T20:35:07Z', 'Curabitur in libero ut massa volutpat convallis.', 'http://dummyimage.com/245x214.png/dddddd/000000', 'Flour - Fast / Rapid', 68740, 1, 6, 3);
insert into item (created_at, comment, main_image_url, name, price, state, category_mid_id, shop_id) values ('2023-02-08T18:42:58Z', 'Vivamus tortor.', 'http://dummyimage.com/168x137.png/dddddd/000000', 'Beans - Fine', 71288, 1, 16, 6);
insert into item (created_at, comment, main_image_url, name, price, state, category_mid_id, shop_id) values ('2023-08-11T02:48:19Z', 'Etiam vel augue.', 'http://dummyimage.com/105x106.png/cc0000/ffffff', 'Shrimp - 16/20, Peeled Deviened', 57672, 1, 9, 3);
insert into item (created_at, comment, main_image_url, name, price, state, category_mid_id, shop_id) values ('2023-03-15T23:18:05Z', 'Duis bibendum, felis sed interdum venenatis, turpis enim blandit mi, in porttitor pede justo eu massa.', 'http://dummyimage.com/175x146.png/5fa2dd/ffffff', 'Pork - Butt, Boneless', 70476, 1, 14, 4);
insert into item (created_at, comment, main_image_url, name, price, state, category_mid_id, shop_id) values ('2022-10-31T01:39:14Z', 'Nam dui.', 'http://dummyimage.com/209x231.png/5fa2dd/ffffff', 'Croissant, Raw - Mini', 44077, 1, 6, 4);
insert into item (created_at, comment, main_image_url, name, price, state, category_mid_id, shop_id) values ('2023-09-13T04:32:00Z', 'Morbi ut odio.', 'http://dummyimage.com/229x209.png/5fa2dd/ffffff', 'Monkfish - Fresh', 59427, 1, 18, 6);
insert into item (created_at, comment, main_image_url, name, price, state, category_mid_id, shop_id) values ('2023-02-27T09:59:18Z', 'Vestibulum ante ipsum primis in faucibus orci luctus et ultrices posuere cubilia Curae; Mauris viverra diam vitae quam.', 'http://dummyimage.com/219x106.png/dddddd/000000', 'Wine - Alsace Gewurztraminer', 4239, 1, 11, 4);
insert into item (created_at, comment, main_image_url, name, price, state, category_mid_id, shop_id) values ('2023-04-05T06:08:06Z', 'Morbi vel lectus in quam fringilla rhoncus.', 'http://dummyimage.com/185x117.png/dddddd/000000', 'Juice - Orange 1.89l', 20645, 1, 10, 4);
insert into item (created_at, comment, main_image_url, name, price, state, category_mid_id, shop_id) values ('2023-09-07T18:33:02Z', 'Vestibulum ac est lacinia nisi venenatis tristique.', 'http://dummyimage.com/146x193.png/ff4444/ffffff', 'Jagermeister', 25569, 1, 20, 6);
insert into item (created_at, comment, main_image_url, name, price, state, category_mid_id, shop_id) values ('2023-04-01T16:31:34Z', 'Maecenas ut massa quis augue luctus tincidunt.', 'http://dummyimage.com/227x173.png/ff4444/ffffff', 'Pastry - Raisin Muffin - Mini', 22031, 1, 4, 1);
insert into item (created_at, comment, main_image_url, name, price, state, category_mid_id, shop_id) values ('2023-06-04T21:07:49Z', 'Donec ut dolor.', 'http://dummyimage.com/197x228.png/cc0000/ffffff', 'Pepperoni Slices', 60065, 1, 1, 3);
insert into item (created_at, comment, main_image_url, name, price, state, category_mid_id, shop_id) values ('2023-10-03T19:00:57Z', 'Sed sagittis.', 'http://dummyimage.com/217x165.png/5fa2dd/ffffff', 'Plaintain', 46729, 1, 13, 5);
insert into item (created_at, comment, main_image_url, name, price, state, category_mid_id, shop_id) values ('2023-07-30T22:35:38Z', 'Pellentesque ultrices mattis odio.', 'http://dummyimage.com/135x237.png/5fa2dd/ffffff', 'Southern Comfort', 24926, 1, 19, 2);
insert into item (created_at, comment, main_image_url, name, price, state, category_mid_id, shop_id) values ('2023-02-16T07:36:13Z', 'Nulla justo.', 'http://dummyimage.com/102x207.png/ff4444/ffffff', 'Croissant, Raw - Mini', 95341, 1, 5, 4);
insert into item (created_at, comment, main_image_url, name, price, state, category_mid_id, shop_id) values ('2023-04-04T06:16:09Z', 'Proin interdum mauris non ligula pellentesque ultrices.', 'http://dummyimage.com/221x217.png/ff4444/ffffff', 'Wine - Crozes Hermitage E.', 95770, 1, 2, 4);
insert into item (created_at, comment, main_image_url, name, price, state, category_mid_id, shop_id) values ('2023-10-05T21:22:44Z', 'In hac habitasse platea dictumst.', 'http://dummyimage.com/110x148.png/ff4444/ffffff', 'Mushroom - Portebello', 85060, 1, 7, 1);
insert into item (created_at, comment, main_image_url, name, price, state, category_mid_id, shop_id) values ('2023-05-30T03:41:10Z', 'Quisque erat eros, viverra eget, congue eget, semper rutrum, nulla.', 'http://dummyimage.com/227x213.png/ff4444/ffffff', 'Star Fruit', 43618, 1, 6, 5);
insert into item (created_at, comment, main_image_url, name, price, state, category_mid_id, shop_id) values ('2023-05-30T14:08:11Z', 'Curabitur convallis.', 'http://dummyimage.com/103x178.png/dddddd/000000', 'Beer - Pilsner Urquell', 61598, 1, 12, 3);
insert into item (created_at, comment, main_image_url, name, price, state, category_mid_id, shop_id) values ('2023-07-30T14:03:30Z', 'Nulla facilisi.', 'http://dummyimage.com/249x117.png/dddddd/000000', 'Pasta - Canelloni', 58097, 1, 6, 6);
insert into item (created_at, comment, main_image_url, name, price, state, category_mid_id, shop_id) values ('2023-07-12T02:55:20Z', 'Vestibulum ac est lacinia nisi venenatis tristique.', 'http://dummyimage.com/103x238.png/dddddd/000000', 'Tofu - Firm', 41850, 1, 7, 3);
insert into item (created_at, comment, main_image_url, name, price, state, category_mid_id, shop_id) values ('2023-08-18T17:40:24Z', 'Curabitur gravida nisi at nibh.', 'http://dummyimage.com/217x215.png/ff4444/ffffff', 'Aspic - Clear', 23131, 1, 10, 6);
insert into item (created_at, comment, main_image_url, name, price, state, category_mid_id, shop_id) values ('2023-02-06T10:26:17Z', 'Vestibulum quam sapien, varius ut, blandit non, interdum in, ante.', 'http://dummyimage.com/215x237.png/5fa2dd/ffffff', 'Sprite, Diet - 355ml', 6771, 1, 15, 7);
insert into item (created_at, comment, main_image_url, name, price, state, category_mid_id, shop_id) values ('2023-02-08T13:23:20Z', 'Nam ultrices, libero non mattis pulvinar, nulla pede ullamcorper augue, a suscipit nulla elit ac nulla.', 'http://dummyimage.com/157x139.png/ff4444/ffffff', 'Chicken - Base, Ultimate', 31305, 1, 1, 1);
insert into item (created_at, comment, main_image_url, name, price, state, category_mid_id, shop_id) values ('2023-04-10T01:54:41Z', 'In est risus, auctor sed, tristique in, tempus sit amet, sem.', 'http://dummyimage.com/247x146.png/ff4444/ffffff', 'Pasta - Penne Primavera, Single', 31423, 1, 5, 7);
insert into item (created_at, comment, main_image_url, name, price, state, category_mid_id, shop_id) values ('2023-05-26T20:24:40Z', 'Ut at dolor quis odio consequat varius.', 'http://dummyimage.com/106x189.png/5fa2dd/ffffff', 'Nut - Pine Nuts, Whole', 42098, 1, 11, 5);
insert into item (created_at, comment, main_image_url, name, price, state, category_mid_id, shop_id) values ('2023-07-11T02:25:11Z', 'In hac habitasse platea dictumst.', 'http://dummyimage.com/205x111.png/5fa2dd/ffffff', 'Cakes Assorted', 44492, 1, 19, 1);
insert into item (created_at, comment, main_image_url, name, price, state, category_mid_id, shop_id) values ('2022-11-29T23:52:58Z', 'Praesent id massa id nisl venenatis lacinia.', 'http://dummyimage.com/241x160.png/cc0000/ffffff', 'Butter Balls Salted', 7120, 1, 13, 1);
insert into item (created_at, comment, main_image_url, name, price, state, category_mid_id, shop_id) values ('2022-11-17T06:32:56Z', 'Maecenas tincidunt lacus at velit.', 'http://dummyimage.com/110x241.png/ff4444/ffffff', 'Alize Sunset', 69133, 1, 13, 5);
insert into item (created_at, comment, main_image_url, name, price, state, category_mid_id, shop_id) values ('2023-10-11T10:05:09Z', 'Aenean lectus.', 'http://dummyimage.com/166x116.png/cc0000/ffffff', 'Cape Capensis - Fillet', 60964, 1, 9, 7);
insert into item (created_at, comment, main_image_url, name, price, state, category_mid_id, shop_id) values ('2023-07-04T05:08:19Z', 'Mauris enim leo, rhoncus sed, vestibulum sit amet, cursus id, turpis.', 'http://dummyimage.com/114x197.png/dddddd/000000', 'Ginsing - Fresh', 16733, 1, 9, 6);
insert into item (created_at, comment, main_image_url, name, price, state, category_mid_id, shop_id) values ('2023-08-13T07:09:52Z', 'Nulla suscipit ligula in lacus.', 'http://dummyimage.com/208x100.png/5fa2dd/ffffff', 'Fish - Artic Char, Cold Smoked', 36699, 1, 6, 4);
insert into item (created_at, comment, main_image_url, name, price, state, category_mid_id, shop_id) values ('2023-09-10T17:49:37Z', 'Vivamus vel nulla eget eros elementum pellentesque.', 'http://dummyimage.com/222x214.png/dddddd/000000', 'Bread Base - Gold Formel', 12567, 1, 10, 3);
insert into item (created_at, comment, main_image_url, name, price, state, category_mid_id, shop_id) values ('2022-12-24T12:57:38Z', 'Aliquam erat volutpat.', 'http://dummyimage.com/190x226.png/dddddd/000000', 'Wine - Savigny - Les - Beaune', 50629, 1, 20, 2);
insert into item (created_at, comment, main_image_url, name, price, state, category_mid_id, shop_id) values ('2023-01-16T06:16:03Z', 'Phasellus in felis.', 'http://dummyimage.com/175x154.png/5fa2dd/ffffff', 'Grapes - Black', 60539, 1, 6, 5);
insert into item (created_at, comment, main_image_url, name, price, state, category_mid_id, shop_id) values ('2023-09-02T01:38:42Z', 'Curabitur at ipsum ac tellus semper interdum.', 'http://dummyimage.com/156x250.png/cc0000/ffffff', 'Cake Circle, Foil, Scallop', 77805, 1, 2, 6);
insert into item (created_at, comment, main_image_url, name, price, state, category_mid_id, shop_id) values ('2023-03-24T17:18:02Z', 'Maecenas rhoncus aliquam lacus.', 'http://dummyimage.com/195x228.png/dddddd/000000', 'Higashimaru Usukuchi Soy', 19889, 1, 19, 6);
insert into item (created_at, comment, main_image_url, name, price, state, category_mid_id, shop_id) values ('2022-11-24T02:25:46Z', 'Nam ultrices, libero non mattis pulvinar, nulla pede ullamcorper augue, a suscipit nulla elit ac nulla.', 'http://dummyimage.com/121x128.png/cc0000/ffffff', 'Soda Water - Club Soda, 355 Ml', 1363, 1, 7, 3);
insert into item (created_at, comment, main_image_url, name, price, state, category_mid_id, shop_id) values ('2023-02-02T14:52:27Z', 'Duis at velit eu est congue elementum.', 'http://dummyimage.com/223x101.png/5fa2dd/ffffff', 'Beans - Navy, Dry', 40395, 1, 14, 3);
insert into item (created_at, comment, main_image_url, name, price, state, category_mid_id, shop_id) values ('2023-04-09T10:37:11Z', 'Donec posuere metus vitae ipsum.', 'http://dummyimage.com/108x205.png/dddddd/000000', 'Mushroom - Porcini, Dry', 2834, 1, 6, 2);
insert into item (created_at, comment, main_image_url, name, price, state, category_mid_id, shop_id) values ('2022-10-29T00:11:06Z', 'Mauris ullamcorper purus sit amet nulla.', 'http://dummyimage.com/101x209.png/ff4444/ffffff', 'Longos - Chicken Cordon Bleu', 86528, 1, 19, 5);
insert into item (created_at, comment, main_image_url, name, price, state, category_mid_id, shop_id) values ('2023-09-14T01:06:07Z', 'Nulla neque libero, convallis eget, eleifend luctus, ultricies eu, nibh.', 'http://dummyimage.com/234x157.png/5fa2dd/ffffff', 'Spinach - Spinach Leaf', 68570, 1, 19, 7);
insert into item (created_at, comment, main_image_url, name, price, state, category_mid_id, shop_id) values ('2023-07-29T13:11:07Z', 'Maecenas ut massa quis augue luctus tincidunt.', 'http://dummyimage.com/139x230.png/ff4444/ffffff', 'Muffin Carrot - Individual', 63023, 1, 6, 3);
insert into item (created_at, comment, main_image_url, name, price, state, category_mid_id, shop_id) values ('2023-01-01T12:49:34Z', 'Vestibulum ante ipsum primis in faucibus orci luctus et ultrices posuere cubilia Curae; Duis faucibus accumsan odio.', 'http://dummyimage.com/235x205.png/dddddd/000000', 'Soho Lychee Liqueur', 50953, 1, 2, 1);
insert into item (created_at, comment, main_image_url, name, price, state, category_mid_id, shop_id) values ('2023-07-16T20:22:51Z', 'Vestibulum sed magna at nunc commodo placerat.', 'http://dummyimage.com/136x181.png/dddddd/000000', 'Sobe - Lizard Fuel', 82341, 1, 15, 4);
insert into item (created_at, comment, main_image_url, name, price, state, category_mid_id, shop_id) values ('2023-06-08T20:43:02Z', 'Nam ultrices, libero non mattis pulvinar, nulla pede ullamcorper augue, a suscipit nulla elit ac nulla.', 'http://dummyimage.com/127x109.png/cc0000/ffffff', 'Oil - Safflower', 10994, 1, 2, 3);
insert into item (created_at, comment, main_image_url, name, price, state, category_mid_id, shop_id) values ('2023-10-10T08:22:21Z', 'Donec quis orci eget orci vehicula condimentum.', 'http://dummyimage.com/183x102.png/5fa2dd/ffffff', 'Flour - Whole Wheat', 22885, 1, 12, 4);
insert into item (created_at, comment, main_image_url, name, price, state, category_mid_id, shop_id) values ('2023-07-18T11:29:51Z', 'Quisque erat eros, viverra eget, congue eget, semper rutrum, nulla.', 'http://dummyimage.com/250x198.png/cc0000/ffffff', 'Oil - Safflower', 29282, 1, 5, 6);
insert into item (created_at, comment, main_image_url, name, price, state, category_mid_id, shop_id) values ('2023-03-16T17:01:04Z', 'Duis consequat dui nec nisi volutpat eleifend.', 'http://dummyimage.com/219x181.png/5fa2dd/ffffff', 'Chicken - White Meat, No Tender', 41385, 1, 9, 2);
insert into item (created_at, comment, main_image_url, name, price, state, category_mid_id, shop_id) values ('2022-10-20T01:05:04Z', 'Aliquam augue quam, sollicitudin vitae, consectetuer eget, rutrum at, lorem.', 'http://dummyimage.com/203x220.png/dddddd/000000', 'Straws - Cocktale', 90350, 1, 3, 4);
insert into item (created_at, comment, main_image_url, name, price, state, category_mid_id, shop_id) values ('2023-04-13T21:42:29Z', 'Cras non velit nec nisi vulputate nonummy.', 'http://dummyimage.com/118x120.png/cc0000/ffffff', 'Squeeze Bottle', 53317, 1, 10, 7);
insert into item (created_at, comment, main_image_url, name, price, state, category_mid_id, shop_id) values ('2023-01-13T17:56:36Z', 'Phasellus sit amet erat.', 'http://dummyimage.com/152x215.png/dddddd/000000', 'Cup - Translucent 7 Oz Clear', 33636, 1, 12, 6);
insert into item (created_at, comment, main_image_url, name, price, state, category_mid_id, shop_id) values ('2023-10-12T10:28:53Z', 'Vestibulum ac est lacinia nisi venenatis tristique.', 'http://dummyimage.com/110x210.png/cc0000/ffffff', 'Wine - Zonnebloem Pinotage', 96781, 1, 1, 7);
insert into item (created_at, comment, main_image_url, name, price, state, category_mid_id, shop_id) values ('2023-03-09T22:38:24Z', 'Pellentesque at nulla.', 'http://dummyimage.com/145x208.png/cc0000/ffffff', 'Bouq All Italian - Primerba', 64151, 1, 9, 7);
insert into item (created_at, comment, main_image_url, name, price, state, category_mid_id, shop_id) values ('2023-06-01T19:38:24Z', 'Suspendisse potenti.', 'http://dummyimage.com/250x182.png/ff4444/ffffff', 'Flour - Strong', 6561, 1, 5, 1);
insert into item (created_at, comment, main_image_url, name, price, state, category_mid_id, shop_id) values ('2023-10-08T17:34:08Z', 'Vivamus metus arcu, adipiscing molestie, hendrerit at, vulputate vitae, nisl.', 'http://dummyimage.com/120x140.png/dddddd/000000', 'Scallops - 20/30', 61137, 1, 2, 3);
insert into item (created_at, comment, main_image_url, name, price, state, category_mid_id, shop_id) values ('2023-06-26T13:36:45Z', 'Cras pellentesque volutpat dui.', 'http://dummyimage.com/151x248.png/ff4444/ffffff', 'Pasta - Cannelloni, Sheets, Fresh', 93149, 1, 11, 4);
insert into item (created_at, comment, main_image_url, name, price, state, category_mid_id, shop_id) values ('2023-08-05T06:37:45Z', 'Proin leo odio, porttitor id, consequat in, consequat ut, nulla.', 'http://dummyimage.com/212x175.png/ff4444/ffffff', 'Mushroom - Enoki, Dry', 61319, 1, 18, 5);
insert into item (created_at, comment, main_image_url, name, price, state, category_mid_id, shop_id) values ('2022-12-05T17:46:10Z', 'Nulla neque libero, convallis eget, eleifend luctus, ultricies eu, nibh.', 'http://dummyimage.com/154x158.png/ff4444/ffffff', 'Shrimp - Tiger 21/25', 81371, 1, 13, 1);
insert into item (created_at, comment, main_image_url, name, price, state, category_mid_id, shop_id) values ('2023-03-15T10:56:26Z', 'Nam nulla.', 'http://dummyimage.com/153x201.png/5fa2dd/ffffff', 'Towel Dispenser', 8425, 1, 6, 7);
insert into item (created_at, comment, main_image_url, name, price, state, category_mid_id, shop_id) values ('2023-01-09T10:27:24Z', 'Proin risus.', 'http://dummyimage.com/131x210.png/dddddd/000000', 'Jameson - Irish Whiskey', 61423, 1, 5, 4);
insert into item (created_at, comment, main_image_url, name, price, state, category_mid_id, shop_id) values ('2022-11-25T21:10:11Z', 'Nam nulla.', 'http://dummyimage.com/181x162.png/dddddd/000000', 'Paper Towel Touchless', 91982, 1, 11, 6);
insert into item (created_at, comment, main_image_url, name, price, state, category_mid_id, shop_id) values ('2023-03-27T14:29:25Z', 'Morbi sem mauris, laoreet ut, rhoncus aliquet, pulvinar sed, nisl.', 'http://dummyimage.com/234x197.png/ff4444/ffffff', 'Dehydrated Kelp Kombo', 91801, 1, 14, 6);
insert into item (created_at, comment, main_image_url, name, price, state, category_mid_id, shop_id) values ('2023-08-26T19:01:03Z', 'Mauris enim leo, rhoncus sed, vestibulum sit amet, cursus id, turpis.', 'http://dummyimage.com/133x122.png/5fa2dd/ffffff', 'Lettuce - Mini Greens, Whole', 58114, 1, 3, 5);
insert into item (created_at, comment, main_image_url, name, price, state, category_mid_id, shop_id) values ('2022-10-18T11:50:15Z', 'Phasellus id sapien in sapien iaculis congue.', 'http://dummyimage.com/106x102.png/cc0000/ffffff', 'Zucchini - Mini, Green', 62531, 1, 6, 7);
insert into item (created_at, comment, main_image_url, name, price, state, category_mid_id, shop_id) values ('2023-03-27T15:01:31Z', 'Nullam porttitor lacus at turpis.', 'http://dummyimage.com/156x153.png/cc0000/ffffff', 'Syrup - Monin - Passion Fruit', 67409, 1, 1, 5);
insert into item (created_at, comment, main_image_url, name, price, state, category_mid_id, shop_id) values ('2022-11-24T12:48:08Z', 'Vivamus vel nulla eget eros elementum pellentesque.', 'http://dummyimage.com/211x188.png/dddddd/000000', 'Irish Cream - Baileys', 9682, 1, 8, 1);
insert into item (created_at, comment, main_image_url, name, price, state, category_mid_id, shop_id) values ('2022-11-04T12:53:13Z', 'Pellentesque ultrices mattis odio.', 'http://dummyimage.com/238x227.png/cc0000/ffffff', 'Bulgar', 22874, 1, 10, 1);
insert into item (created_at, comment, main_image_url, name, price, state, category_mid_id, shop_id) values ('2022-11-09T07:05:12Z', 'Nulla neque libero, convallis eget, eleifend luctus, ultricies eu, nibh.', 'http://dummyimage.com/142x199.png/ff4444/ffffff', 'Carbonated Water - Wildberry', 66383, 1, 20, 5);
insert into item (created_at, comment, main_image_url, name, price, state, category_mid_id, shop_id) values ('2022-11-02T22:32:04Z', 'Aliquam augue quam, sollicitudin vitae, consectetuer eget, rutrum at, lorem.', 'http://dummyimage.com/178x110.png/dddddd/000000', 'Soup Campbells Beef With Veg', 37023, 1, 3, 6);
insert into item (created_at, comment, main_image_url, name, price, state, category_mid_id, shop_id) values ('2023-08-02T04:47:58Z', 'Donec diam neque, vestibulum eget, vulputate ut, ultrices vel, augue.', 'http://dummyimage.com/160x148.png/ff4444/ffffff', 'Nantucket - 518ml', 24755, 1, 11, 3);
insert into item (created_at, comment, main_image_url, name, price, state, category_mid_id, shop_id) values ('2023-10-04T14:40:41Z', 'Maecenas leo odio, condimentum id, luctus nec, molestie sed, justo.', 'http://dummyimage.com/112x195.png/cc0000/ffffff', 'Venison - Liver', 42274, 1, 1, 1);
insert into item (created_at, comment, main_image_url, name, price, state, category_mid_id, shop_id) values ('2023-05-04T02:29:12Z', 'Suspendisse potenti.', 'http://dummyimage.com/237x199.png/ff4444/ffffff', 'Muffin - Blueberry Individual', 14837, 1, 19, 2);
insert into item (created_at, comment, main_image_url, name, price, state, category_mid_id, shop_id) values ('2022-11-28T23:49:17Z', 'Nullam varius.', 'http://dummyimage.com/207x182.png/dddddd/000000', 'Sauce - Ranch Dressing', 79973, 1, 3, 6);
insert into item (created_at, comment, main_image_url, name, price, state, category_mid_id, shop_id) values ('2023-01-23T21:46:47Z', 'In hac habitasse platea dictumst.', 'http://dummyimage.com/217x126.png/5fa2dd/ffffff', 'Lid - 0090 Clear', 79496, 1, 15, 5);
insert into item (created_at, comment, main_image_url, name, price, state, category_mid_id, shop_id) values ('2023-04-08T04:30:07Z', 'Quisque ut erat.', 'http://dummyimage.com/231x223.png/5fa2dd/ffffff', 'Pastry - Choclate Baked', 69509, 1, 8, 3);
insert into item (created_at, comment, main_image_url, name, price, state, category_mid_id, shop_id) values ('2023-07-04T17:41:10Z', 'Vestibulum ac est lacinia nisi venenatis tristique.', 'http://dummyimage.com/149x166.png/cc0000/ffffff', 'Clams - Bay', 27938, 1, 8, 4);
insert into item (created_at, comment, main_image_url, name, price, state, category_mid_id, shop_id) values ('2023-06-15T08:04:47Z', 'Vestibulum ante ipsum primis in faucibus orci luctus et ultrices posuere cubilia Curae; Duis faucibus accumsan odio.', 'http://dummyimage.com/183x238.png/5fa2dd/ffffff', 'Cheese - Brick With Pepper', 30967, 1, 2, 1);
insert into item (created_at, comment, main_image_url, name, price, state, category_mid_id, shop_id) values ('2022-12-28T09:03:10Z', 'In hac habitasse platea dictumst.', 'http://dummyimage.com/239x247.png/ff4444/ffffff', 'Lid - 0090 Clear', 86031, 1, 3, 7);
insert into item (created_at, comment, main_image_url, name, price, state, category_mid_id, shop_id) values ('2022-11-13T20:11:15Z', 'Vestibulum ante ipsum primis in faucibus orci luctus et ultrices posuere cubilia Curae; Donec pharetra, magna vestibulum aliquet ultrices, erat tortor sollicitudin mi, sit amet lobortis sapien sapien non mi.', 'http://dummyimage.com/234x199.png/5fa2dd/ffffff', 'Milk - Homo', 88225, 1, 11, 7);
insert into item (created_at, comment, main_image_url, name, price, state, category_mid_id, shop_id) values ('2023-03-04T06:20:56Z', 'Etiam faucibus cursus urna.', 'http://dummyimage.com/223x188.png/5fa2dd/ffffff', 'Pork - Smoked Kassler', 25280, 1, 19, 6);
insert into item (created_at, comment, main_image_url, name, price, state, category_mid_id, shop_id) values ('2023-01-19T07:59:13Z', 'Nulla ac enim.', 'http://dummyimage.com/208x112.png/ff4444/ffffff', 'Currants', 43669, 1, 12, 4);
insert into item (created_at, comment, main_image_url, name, price, state, category_mid_id, shop_id) values ('2023-09-18T19:35:48Z', 'Proin eu mi.', 'http://dummyimage.com/120x249.png/dddddd/000000', 'Glucose', 39636, 1, 10, 1);
insert into item (created_at, comment, main_image_url, name, price, state, category_mid_id, shop_id) values ('2023-10-10T03:49:32Z', 'Duis mattis egestas metus.', 'http://dummyimage.com/221x160.png/ff4444/ffffff', 'Pork - Inside', 67959, 1, 13, 7);
insert into item (created_at, comment, main_image_url, name, price, state, category_mid_id, shop_id) values ('2023-04-04T12:03:31Z', 'Donec dapibus.', 'http://dummyimage.com/116x140.png/ff4444/ffffff', 'Jam - Raspberry,jar', 15325, 1, 2, 4);
insert into item (created_at, comment, main_image_url, name, price, state, category_mid_id, shop_id) values ('2023-10-11T13:55:22Z', 'Proin interdum mauris non ligula pellentesque ultrices.', 'http://dummyimage.com/196x135.png/cc0000/ffffff', 'Beef - Kobe Striploin', 2272, 1, 7, 1);
insert into item (created_at, comment, main_image_url, name, price, state, category_mid_id, shop_id) values ('2023-04-10T21:12:36Z', 'Donec diam neque, vestibulum eget, vulputate ut, ultrices vel, augue.', 'http://dummyimage.com/237x117.png/dddddd/000000', 'Flour - Strong', 63331, 1, 7, 4);
insert into item (created_at, comment, main_image_url, name, price, state, category_mid_id, shop_id) values ('2023-04-09T12:58:08Z', 'Praesent id massa id nisl venenatis lacinia.', 'http://dummyimage.com/148x190.png/5fa2dd/ffffff', 'Kaffir Lime Leaves', 76833, 1, 8, 5);
insert into item (created_at, comment, main_image_url, name, price, state, category_mid_id, shop_id) values ('2022-10-23T15:59:41Z', 'Nam dui.', 'http://dummyimage.com/197x126.png/5fa2dd/ffffff', 'Lemon Tarts', 96283, 1, 2, 1);
insert into item (created_at, comment, main_image_url, name, price, state, category_mid_id, shop_id) values ('2023-04-01T01:27:10Z', 'Suspendisse potenti.', 'http://dummyimage.com/174x112.png/5fa2dd/ffffff', 'Tabasco Sauce, 2 Oz', 24476, 1, 15, 6);
insert into item (created_at, comment, main_image_url, name, price, state, category_mid_id, shop_id) values ('2022-11-26T00:34:58Z', 'Suspendisse potenti.', 'http://dummyimage.com/132x126.png/5fa2dd/ffffff', 'Vegetable - Base', 6098, 1, 6, 4);
insert into item (created_at, comment, main_image_url, name, price, state, category_mid_id, shop_id) values ('2023-03-11T06:22:33Z', 'In eleifend quam a odio.', 'http://dummyimage.com/161x197.png/5fa2dd/ffffff', 'Tandoori Curry Paste', 37158, 1, 19, 1);
insert into item (created_at, comment, main_image_url, name, price, state, category_mid_id, shop_id) values ('2023-08-18T04:30:17Z', 'In quis justo.', 'http://dummyimage.com/169x196.png/dddddd/000000', 'Wine - Domaine Boyar Royal', 69585, 1, 17, 4);
insert into item (created_at, comment, main_image_url, name, price, state, category_mid_id, shop_id) values ('2022-12-25T18:04:38Z', 'Morbi non quam nec dui luctus rutrum.', 'http://dummyimage.com/221x171.png/cc0000/ffffff', 'Mangoes', 41806, 1, 17, 5);
insert into item (created_at, comment, main_image_url, name, price, state, category_mid_id, shop_id) values ('2023-09-24T18:17:27Z', 'Morbi porttitor lorem id ligula.', 'http://dummyimage.com/187x206.png/5fa2dd/ffffff', 'Pur Source', 93337, 1, 7, 4);
insert into item (created_at, comment, main_image_url, name, price, state, category_mid_id, shop_id) values ('2023-06-18T07:04:28Z', 'Nam tristique tortor eu pede.', 'http://dummyimage.com/233x198.png/cc0000/ffffff', 'Stock - Chicken, White', 46177, 1, 5, 6);
insert into item (created_at, comment, main_image_url, name, price, state, category_mid_id, shop_id) values ('2023-02-25T05:12:09Z', 'Proin at turpis a pede posuere nonummy.', 'http://dummyimage.com/100x191.png/ff4444/ffffff', 'Squid - Breaded', 24331, 1, 16, 3);
insert into item (created_at, comment, main_image_url, name, price, state, category_mid_id, shop_id) values ('2022-12-27T05:41:04Z', 'Etiam faucibus cursus urna.', 'http://dummyimage.com/163x140.png/5fa2dd/ffffff', 'Pie Pecan', 22078, 1, 6, 6);
insert into item (created_at, comment, main_image_url, name, price, state, category_mid_id, shop_id) values ('2023-01-17T15:41:07Z', 'Suspendisse potenti.', 'http://dummyimage.com/210x207.png/ff4444/ffffff', 'Bread - Wheat Baguette', 3855, 1, 5, 4);
insert into item (created_at, comment, main_image_url, name, price, state, category_mid_id, shop_id) values ('2023-05-20T21:17:19Z', 'Fusce posuere felis sed lacus.', 'http://dummyimage.com/198x201.png/ff4444/ffffff', 'Apricots - Dried', 52186, 1, 2, 1);
insert into item (created_at, comment, main_image_url, name, price, state, category_mid_id, shop_id) values ('2023-07-07T23:39:34Z', 'Aliquam erat volutpat.', 'http://dummyimage.com/110x210.png/dddddd/000000', 'Lid - 10,12,16 Oz', 8442, 1, 20, 4);
insert into item (created_at, comment, main_image_url, name, price, state, category_mid_id, shop_id) values ('2023-08-09T17:46:26Z', 'Fusce consequat.', 'http://dummyimage.com/117x103.png/5fa2dd/ffffff', 'Tea - Black Currant', 54699, 1, 17, 5);
insert into item (created_at, comment, main_image_url, name, price, state, category_mid_id, shop_id) values ('2023-05-16T20:20:02Z', 'Morbi sem mauris, laoreet ut, rhoncus aliquet, pulvinar sed, nisl.', 'http://dummyimage.com/147x147.png/5fa2dd/ffffff', 'Lid Tray - 16in Dome', 9565, 1, 1, 2);
insert into item (created_at, comment, main_image_url, name, price, state, category_mid_id, shop_id) values ('2022-10-24T05:35:58Z', 'Maecenas pulvinar lobortis est.', 'http://dummyimage.com/222x227.png/5fa2dd/ffffff', 'Pepper - Orange', 11981, 1, 9, 6);
insert into item (created_at, comment, main_image_url, name, price, state, category_mid_id, shop_id) values ('2023-01-27T04:28:03Z', 'Aliquam non mauris.', 'http://dummyimage.com/135x205.png/5fa2dd/ffffff', 'Olives - Black, Pitted', 5779, 1, 10, 7);
insert into item (created_at, comment, main_image_url, name, price, state, category_mid_id, shop_id) values ('2022-10-22T01:52:17Z', 'In hac habitasse platea dictumst.', 'http://dummyimage.com/199x240.png/ff4444/ffffff', 'Veal - Round, Eye Of', 73134, 1, 15, 2);
insert into item (created_at, comment, main_image_url, name, price, state, category_mid_id, shop_id) values ('2023-02-10T11:07:08Z', 'Duis aliquam convallis nunc.', 'http://dummyimage.com/212x229.png/dddddd/000000', 'Gatorade - Fruit Punch', 69970, 1, 11, 6);
insert into item (created_at, comment, main_image_url, name, price, state, category_mid_id, shop_id) values ('2022-12-05T13:52:25Z', 'Aenean sit amet justo.', 'http://dummyimage.com/236x192.png/ff4444/ffffff', 'Soup - Campbells', 12755, 1, 8, 6);
insert into item (created_at, comment, main_image_url, name, price, state, category_mid_id, shop_id) values ('2023-07-21T05:27:57Z', 'Cum sociis natoque penatibus et magnis dis parturient montes, nascetur ridiculus mus.', 'http://dummyimage.com/239x131.png/5fa2dd/ffffff', 'Potatoes - Idaho 80 Count', 45031, 1, 4, 2);
insert into item (created_at, comment, main_image_url, name, price, state, category_mid_id, shop_id) values ('2023-03-20T07:56:46Z', 'Integer aliquet, massa id lobortis convallis, tortor risus dapibus augue, vel accumsan tellus nisi eu orci.', 'http://dummyimage.com/141x159.png/ff4444/ffffff', 'Wine - Shiraz Wolf Blass Premium', 31713, 1, 19, 3);

insert into follow (member_id, shop_id) values (1, 3);
insert into follow (member_id, shop_id) values (1, 4);
insert into follow (member_id, shop_id) values (2, 3);
insert into follow (member_id, shop_id) values (2, 4);
insert into follow (member_id, shop_id) values (3, 4);

insert into wish (item_id, member_id) values (1, 1);
insert into wish (item_id, member_id) values (2, 1);
insert into wish (item_id, member_id) values (3, 1);
insert into wish (item_id, member_id) values (4, 1);
insert into wish (item_id, member_id) values (1, 2);
insert into wish (item_id, member_id) values (3, 2);
insert into wish (item_id, member_id) values (5, 2);
insert into wish (item_id, member_id) values (7, 2);
insert into wish (item_id, member_id) values (6, 3);
insert into wish (item_id, member_id) values (7, 3);
insert into wish (item_id, member_id) values (8, 3);

insert into item_location (item_id, name, latitude, longitude) values (1, '732 Dapin Plaza', '937', '137');
insert into item_location (item_id, name, latitude, longitude) values (2, '10 Corscot Parkway', '077', '548');
insert into item_location (item_id, name, latitude, longitude) values (3, '45856 Ryan Hill', '410', '515');
insert into item_location (item_id, name, latitude, longitude) values (4, '40678 3rd Road', '004', '242');
insert into item_location (item_id, name, latitude, longitude) values (5, '2 Ilene Junction', '919', '854');
insert into item_location (item_id, name, latitude, longitude) values (6, '9136 Clemons Plaza', '506', '074');
insert into item_location (item_id, name, latitude, longitude) values (7, '3 Schiller Point', '996', '560');
insert into item_location (item_id, name, latitude, longitude) values (8, '7 Mandrake Street', '400', '587');
insert into item_location (item_id, name, latitude, longitude) values (9, '66 Havey Circle', '074', '711');
insert into item_location (item_id, name, latitude, longitude) values (10, '3077 Dennis Plaza', '994', '220');
insert into item_location (item_id, name, latitude, longitude) values (11, '8783 Melody Hill', '373', '336');
insert into item_location (item_id, name, latitude, longitude) values (12, '613 Red Cloud Terrace', '095', '473');
insert into item_location (item_id, name, latitude, longitude) values (13, '55772 Summer Ridge Plaza', '754', '688');
insert into item_location (item_id, name, latitude, longitude) values (14, '83 Union Place', '188', '590');
insert into item_location (item_id, name, latitude, longitude) values (15, '93 Brown Court', '148', '082');
insert into item_location (item_id, name, latitude, longitude) values (16, '1894 Crest Line Avenue', '961', '684');
insert into item_location (item_id, name, latitude, longitude) values (17, '9 Northport Road', '754', '278');
insert into item_location (item_id, name, latitude, longitude) values (18, '3791 Main Lane', '007', '795');
insert into item_location (item_id, name, latitude, longitude) values (19, '4838 Goodland Lane', '764', '450');
insert into item_location (item_id, name, latitude, longitude) values (20, '8 Blue Bill Park Avenue', '179', '516');
insert into item_location (item_id, name, latitude, longitude) values (21, '66888 Eagle Crest Road', '321', '257');
insert into item_location (item_id, name, latitude, longitude) values (22, '138 Starling Crossing', '982', '752');
insert into item_location (item_id, name, latitude, longitude) values (23, '8 Swallow Way', '910', '033');
insert into item_location (item_id, name, latitude, longitude) values (24, '65566 Eagan Crossing', '287', '030');
insert into item_location (item_id, name, latitude, longitude) values (25, '16 Oak Valley Circle', '656', '808');
insert into item_location (item_id, name, latitude, longitude) values (26, '459 Heath Circle', '696', '769');
insert into item_location (item_id, name, latitude, longitude) values (27, '8 Independence Trail', '901', '581');
insert into item_location (item_id, name, latitude, longitude) values (28, '70 Buena Vista Road', '612', '036');
insert into item_location (item_id, name, latitude, longitude) values (29, '2317 Tennessee Circle', '077', '212');
insert into item_location (item_id, name, latitude, longitude) values (30, '804 Merchant Parkway', '391', '197');
insert into item_location (item_id, name, latitude, longitude) values (31, '40042 Old Gate Parkway', '678', '904');
insert into item_location (item_id, name, latitude, longitude) values (32, '5504 Fordem Junction', '006', '981');
insert into item_location (item_id, name, latitude, longitude) values (33, '486 Melrose Place', '469', '233');
insert into item_location (item_id, name, latitude, longitude) values (34, '8 Birchwood Crossing', '530', '241');
insert into item_location (item_id, name, latitude, longitude) values (35, '18621 Trailsway Avenue', '754', '912');
insert into item_location (item_id, name, latitude, longitude) values (36, '11749 Straubel Drive', '625', '089');
insert into item_location (item_id, name, latitude, longitude) values (37, '1 Porter Crossing', '102', '117');
insert into item_location (item_id, name, latitude, longitude) values (38, '0 Buell Road', '233', '478');
insert into item_location (item_id, name, latitude, longitude) values (39, '864 Hanson Alley', '760', '169');
insert into item_location (item_id, name, latitude, longitude) values (40, '475 Sachs Place', '548', '449');
insert into item_location (item_id, name, latitude, longitude) values (41, '5 Lien Trail', '104', '516');
insert into item_location (item_id, name, latitude, longitude) values (42, '7 Jay Trail', '056', '360');
insert into item_location (item_id, name, latitude, longitude) values (43, '59 Debs Terrace', '503', '446');
insert into item_location (item_id, name, latitude, longitude) values (44, '4 Burning Wood Alley', '884', '154');
insert into item_location (item_id, name, latitude, longitude) values (45, '98 Kim Street', '172', '325');
insert into item_location (item_id, name, latitude, longitude) values (46, '4 Harbort Drive', '692', '203');
insert into item_location (item_id, name, latitude, longitude) values (47, '9 Lindbergh Hill', '303', '026');
insert into item_location (item_id, name, latitude, longitude) values (48, '94 Declaration Park', '300', '400');
insert into item_location (item_id, name, latitude, longitude) values (49, '462 Basil Terrace', '620', '293');
insert into item_location (item_id, name, latitude, longitude) values (50, '36050 Browning Pass', '253', '395');
insert into item_location (item_id, name, latitude, longitude) values (51, '03 South Terrace', '625', '495');
insert into item_location (item_id, name, latitude, longitude) values (52, '59 Sunnyside Way', '308', '945');
insert into item_location (item_id, name, latitude, longitude) values (53, '3 Lunder Way', '596', '082');
insert into item_location (item_id, name, latitude, longitude) values (54, '609 5th Center', '021', '085');
insert into item_location (item_id, name, latitude, longitude) values (55, '596 Charing Cross Place', '701', '869');
insert into item_location (item_id, name, latitude, longitude) values (56, '33166 Meadow Valley Parkway', '353', '827');
insert into item_location (item_id, name, latitude, longitude) values (57, '0664 Manitowish Court', '203', '360');
insert into item_location (item_id, name, latitude, longitude) values (58, '76026 Stoughton Point', '669', '892');
insert into item_location (item_id, name, latitude, longitude) values (59, '55451 Garrison Pass', '883', '807');
insert into item_location (item_id, name, latitude, longitude) values (60, '63729 Florence Plaza', '161', '303');
insert into item_location (item_id, name, latitude, longitude) values (61, '6978 Prentice Hill', '834', '831');
insert into item_location (item_id, name, latitude, longitude) values (62, '55 Coolidge Pass', '929', '968');
insert into item_location (item_id, name, latitude, longitude) values (63, '911 Hooker Pass', '134', '210');
insert into item_location (item_id, name, latitude, longitude) values (64, '17 Gerald Road', '141', '467');
insert into item_location (item_id, name, latitude, longitude) values (65, '1 Stoughton Avenue', '909', '847');
insert into item_location (item_id, name, latitude, longitude) values (66, '98142 Sugar Parkway', '108', '771');
insert into item_location (item_id, name, latitude, longitude) values (67, '441 Mariners Cove Pass', '749', '512');
insert into item_location (item_id, name, latitude, longitude) values (68, '66 Raven Point', '199', '575');
insert into item_location (item_id, name, latitude, longitude) values (69, '3 Arizona Street', '415', '478');
insert into item_location (item_id, name, latitude, longitude) values (70, '88550 Wayridge Parkway', '853', '528');
insert into item_location (item_id, name, latitude, longitude) values (71, '66 Old Gate Trail', '789', '936');
insert into item_location (item_id, name, latitude, longitude) values (72, '37611 Jay Trail', '077', '363');
insert into item_location (item_id, name, latitude, longitude) values (73, '5 Banding Way', '079', '198');
insert into item_location (item_id, name, latitude, longitude) values (74, '33 Continental Drive', '355', '106');
insert into item_location (item_id, name, latitude, longitude) values (75, '67 Trailsway Street', '471', '679');
insert into item_location (item_id, name, latitude, longitude) values (76, '8625 Esch Circle', '208', '270');
insert into item_location (item_id, name, latitude, longitude) values (77, '8 Scott Point', '956', '934');
insert into item_location (item_id, name, latitude, longitude) values (78, '6 Mccormick Lane', '402', '811');
insert into item_location (item_id, name, latitude, longitude) values (79, '92354 Pennsylvania Circle', '330', '739');
insert into item_location (item_id, name, latitude, longitude) values (80, '5 Chinook Hill', '140', '682');
insert into item_location (item_id, name, latitude, longitude) values (81, '593 Mcguire Park', '668', '096');
insert into item_location (item_id, name, latitude, longitude) values (82, '15 Little Fleur Alley', '732', '310');
insert into item_location (item_id, name, latitude, longitude) values (83, '36 Elgar Terrace', '287', '953');
insert into item_location (item_id, name, latitude, longitude) values (84, '273 Porter Road', '062', '232');
insert into item_location (item_id, name, latitude, longitude) values (85, '199 Artisan Way', '659', '313');
insert into item_location (item_id, name, latitude, longitude) values (86, '920 Elka Way', '409', '431');
insert into item_location (item_id, name, latitude, longitude) values (87, '0805 6th Way', '198', '917');
insert into item_location (item_id, name, latitude, longitude) values (88, '5546 2nd Point', '136', '382');
insert into item_location (item_id, name, latitude, longitude) values (89, '4 Oak Circle', '162', '541');
insert into item_location (item_id, name, latitude, longitude) values (90, '83266 Lake View Junction', '936', '645');
insert into item_location (item_id, name, latitude, longitude) values (91, '1340 Norway Maple Hill', '017', '393');
insert into item_location (item_id, name, latitude, longitude) values (92, '639 Eastwood Way', '974', '524');
insert into item_location (item_id, name, latitude, longitude) values (93, '1193 Ronald Regan Circle', '744', '597');
insert into item_location (item_id, name, latitude, longitude) values (94, '560 Loeprich Lane', '083', '332');
insert into item_location (item_id, name, latitude, longitude) values (95, '17290 Kingsford Crossing', '604', '667');
insert into item_location (item_id, name, latitude, longitude) values (96, '36 Carey Road', '828', '142');
insert into item_location (item_id, name, latitude, longitude) values (97, '4865 Iowa Parkway', '236', '532');
insert into item_location (item_id, name, latitude, longitude) values (98, '915 Mitchell Lane', '424', '272');
insert into item_location (item_id, name, latitude, longitude) values (99, '1441 Esch Lane', '874', '914');
insert into item_location (item_id, name, latitude, longitude) values (100, '37 Boyd Lane', '726', '839');
insert into item_location (item_id, name, latitude, longitude) values (101, '340 Porter Place', '793', '143');
insert into item_location (item_id, name, latitude, longitude) values (102, '63676 4th Pass', '987', '192');
insert into item_location (item_id, name, latitude, longitude) values (103, '96 Arizona Parkway', '231', '963');
insert into item_location (item_id, name, latitude, longitude) values (104, '65 Kropf Park', '539', '399');
insert into item_location (item_id, name, latitude, longitude) values (105, '5 Summer Ridge Center', '021', '835');
insert into item_location (item_id, name, latitude, longitude) values (106, '163 Saint Paul Pass', '139', '340');
insert into item_location (item_id, name, latitude, longitude) values (107, '896 Walton Circle', '416', '071');
insert into item_location (item_id, name, latitude, longitude) values (108, '1 Sommers Drive', '673', '801');
insert into item_location (item_id, name, latitude, longitude) values (109, '649 Springs Junction', '736', '370');
insert into item_location (item_id, name, latitude, longitude) values (110, '019 Colorado Parkway', '757', '689');
insert into item_location (item_id, name, latitude, longitude) values (111, '86465 American Ash Way', '361', '545');
insert into item_location (item_id, name, latitude, longitude) values (112, '23 Village Center', '901', '180');
insert into item_location (item_id, name, latitude, longitude) values (113, '61 Ramsey Way', '456', '850');
insert into item_location (item_id, name, latitude, longitude) values (114, '272 Gale Terrace', '269', '602');
insert into item_location (item_id, name, latitude, longitude) values (115, '533 Scoville Avenue', '480', '738');
insert into item_location (item_id, name, latitude, longitude) values (116, '163 Caliangt Parkway', '159', '939');
insert into item_location (item_id, name, latitude, longitude) values (117, '962 Summerview Park', '995', '423');
insert into item_location (item_id, name, latitude, longitude) values (118, '7441 Lindbergh Crossing', '385', '003');
insert into item_location (item_id, name, latitude, longitude) values (119, '02 Blue Bill Park Point', '528', '302');
insert into item_location (item_id, name, latitude, longitude) values (120, '6 Carberry Crossing', '521', '235');
insert into item_location (item_id, name, latitude, longitude) values (121, '58 Dennis Center', '944', '728');
insert into item_location (item_id, name, latitude, longitude) values (122, '0046 Fordem Court', '981', '079');
insert into item_location (item_id, name, latitude, longitude) values (123, '5270 Katie Junction', '246', '683');
insert into item_location (item_id, name, latitude, longitude) values (124, '451 Roxbury Point', '216', '878');
insert into item_location (item_id, name, latitude, longitude) values (125, '215 Mayer Place', '508', '084');
insert into item_location (item_id, name, latitude, longitude) values (126, '4210 Knutson Drive', '975', '212');
insert into item_location (item_id, name, latitude, longitude) values (127, '5 South Point', '006', '447');
insert into item_location (item_id, name, latitude, longitude) values (128, '20 Carpenter Plaza', '878', '342');
insert into item_location (item_id, name, latitude, longitude) values (129, '160 Springview Trail', '086', '540');
insert into item_location (item_id, name, latitude, longitude) values (130, '38 Spaight Center', '855', '948');
insert into item_location (item_id, name, latitude, longitude) values (131, '33 Twin Pines Crossing', '811', '796');
insert into item_location (item_id, name, latitude, longitude) values (132, '2178 Portage Terrace', '726', '384');
insert into item_location (item_id, name, latitude, longitude) values (133, '73 Trailsway Pass', '025', '829');
insert into item_location (item_id, name, latitude, longitude) values (134, '49120 Milwaukee Terrace', '036', '704');
insert into item_location (item_id, name, latitude, longitude) values (135, '161 Veith Pass', '838', '739');
insert into item_location (item_id, name, latitude, longitude) values (136, '303 Lerdahl Plaza', '985', '882');
insert into item_location (item_id, name, latitude, longitude) values (137, '726 Elgar Center', '947', '799');
insert into item_location (item_id, name, latitude, longitude) values (138, '12529 Wayridge Park', '837', '896');
insert into item_location (item_id, name, latitude, longitude) values (139, '2789 Killdeer Lane', '539', '563');
insert into item_location (item_id, name, latitude, longitude) values (140, '10 Emmet Center', '597', '157');
insert into item_location (item_id, name, latitude, longitude) values (141, '66 Dwight Court', '126', '087');
insert into item_location (item_id, name, latitude, longitude) values (142, '8 Cottonwood Alley', '258', '703');
insert into item_location (item_id, name, latitude, longitude) values (143, '4 Crescent Oaks Trail', '535', '433');
insert into item_location (item_id, name, latitude, longitude) values (144, '656 Hanover Alley', '088', '496');
insert into item_location (item_id, name, latitude, longitude) values (145, '1028 Bashford Park', '042', '483');
insert into item_location (item_id, name, latitude, longitude) values (146, '19295 Corry Plaza', '052', '845');
insert into item_location (item_id, name, latitude, longitude) values (147, '4 Bonner Pass', '661', '383');
insert into item_location (item_id, name, latitude, longitude) values (148, '8491 Forest Dale Way', '251', '669');
insert into item_location (item_id, name, latitude, longitude) values (149, '048 Moland Road', '823', '392');
insert into item_location (item_id, name, latitude, longitude) values (150, '32712 Katie Terrace', '956', '040');
insert into item_location (item_id, name, latitude, longitude) values (151, '46147 Clarendon Place', '528', '091');
insert into item_location (item_id, name, latitude, longitude) values (152, '8099 Debra Drive', '531', '177');
insert into item_location (item_id, name, latitude, longitude) values (153, '9 Bartelt Point', '692', '991');
insert into item_location (item_id, name, latitude, longitude) values (154, '13 Caliangt Road', '339', '766');
insert into item_location (item_id, name, latitude, longitude) values (155, '18886 Merrick Park', '588', '904');
insert into item_location (item_id, name, latitude, longitude) values (156, '0 Duke Pass', '422', '606');
insert into item_location (item_id, name, latitude, longitude) values (157, '92414 Dawn Alley', '758', '506');
insert into item_location (item_id, name, latitude, longitude) values (158, '0931 Mendota Trail', '061', '100');
insert into item_location (item_id, name, latitude, longitude) values (159, '7909 Dexter Alley', '392', '158');
insert into item_location (item_id, name, latitude, longitude) values (160, '944 Dakota Center', '028', '924');
insert into item_location (item_id, name, latitude, longitude) values (161, '23 Redwing Plaza', '655', '101');
insert into item_location (item_id, name, latitude, longitude) values (162, '6028 North Avenue', '123', '732');
insert into item_location (item_id, name, latitude, longitude) values (163, '282 Stoughton Trail', '116', '167');
insert into item_location (item_id, name, latitude, longitude) values (164, '91 Corscot Parkway', '775', '078');
insert into item_location (item_id, name, latitude, longitude) values (165, '660 Arrowood Pass', '796', '099');
insert into item_location (item_id, name, latitude, longitude) values (166, '6 Huxley Street', '175', '369');
insert into item_location (item_id, name, latitude, longitude) values (167, '57 Starling Street', '992', '841');
insert into item_location (item_id, name, latitude, longitude) values (168, '3317 Pond Pass', '706', '860');
insert into item_location (item_id, name, latitude, longitude) values (169, '1 Jenna Circle', '721', '947');
insert into item_location (item_id, name, latitude, longitude) values (170, '09392 Anderson Pass', '434', '265');
insert into item_location (item_id, name, latitude, longitude) values (171, '17404 Mallory Street', '600', '882');
insert into item_location (item_id, name, latitude, longitude) values (172, '194 Waxwing Avenue', '952', '867');
insert into item_location (item_id, name, latitude, longitude) values (173, '64 Mandrake Trail', '809', '595');
insert into item_location (item_id, name, latitude, longitude) values (174, '0 Lake View Center', '835', '243');
insert into item_location (item_id, name, latitude, longitude) values (175, '62957 Wayridge Point', '509', '661');
insert into item_location (item_id, name, latitude, longitude) values (176, '7 Northland Pass', '174', '300');
insert into item_location (item_id, name, latitude, longitude) values (177, '9 Corry Place', '425', '470');
insert into item_location (item_id, name, latitude, longitude) values (178, '7 Veith Alley', '272', '931');
insert into item_location (item_id, name, latitude, longitude) values (179, '48 Golf Course Hill', '985', '604');
insert into item_location (item_id, name, latitude, longitude) values (180, '59134 Parkside Road', '418', '378');
insert into item_location (item_id, name, latitude, longitude) values (181, '5295 Oxford Drive', '771', '120');
insert into item_location (item_id, name, latitude, longitude) values (182, '113 South Way', '047', '444');
insert into item_location (item_id, name, latitude, longitude) values (183, '2219 Anderson Parkway', '419', '639');
insert into item_location (item_id, name, latitude, longitude) values (184, '9736 3rd Drive', '377', '405');
insert into item_location (item_id, name, latitude, longitude) values (185, '54508 Ridgeview Drive', '331', '230');
insert into item_location (item_id, name, latitude, longitude) values (186, '180 Cardinal Parkway', '991', '109');
insert into item_location (item_id, name, latitude, longitude) values (187, '6 Pine View Plaza', '059', '072');
insert into item_location (item_id, name, latitude, longitude) values (188, '901 Granby Terrace', '928', '587');
insert into item_location (item_id, name, latitude, longitude) values (189, '0805 Trailsway Avenue', '520', '498');
insert into item_location (item_id, name, latitude, longitude) values (190, '70 Derek Circle', '401', '275');
insert into item_location (item_id, name, latitude, longitude) values (191, '6673 Forest Run Circle', '461', '592');
insert into item_location (item_id, name, latitude, longitude) values (192, '5 Transport Road', '251', '850');
insert into item_location (item_id, name, latitude, longitude) values (193, '89 Kings Junction', '460', '721');
insert into item_location (item_id, name, latitude, longitude) values (194, '4 Logan Lane', '331', '294');
insert into item_location (item_id, name, latitude, longitude) values (195, '83974 Judy Point', '465', '279');
insert into item_location (item_id, name, latitude, longitude) values (196, '7813 Moulton Court', '064', '316');
insert into item_location (item_id, name, latitude, longitude) values (197, '54375 Harbort Parkway', '356', '092');
insert into item_location (item_id, name, latitude, longitude) values (198, '52 Melrose Lane', '338', '519');
insert into item_location (item_id, name, latitude, longitude) values (199, '9 Surrey Pass', '783', '792');
insert into item_location (item_id, name, latitude, longitude) values (200, '239 Summerview Lane', '153', '379');

insert into item_sub_images (item_id, sub_image_url) values (1, 'http://dummyimage.com/225x132.png/dddddd/000000');
insert into item_sub_images (item_id, sub_image_url) values (2, 'http://dummyimage.com/138x228.png/ff4444/ffffff');
insert into item_sub_images (item_id, sub_image_url) values (3, 'http://dummyimage.com/135x212.png/5fa2dd/ffffff');
insert into item_sub_images (item_id, sub_image_url) values (4, 'http://dummyimage.com/134x111.png/cc0000/ffffff');
insert into item_sub_images (item_id, sub_image_url) values (5, 'http://dummyimage.com/243x215.png/dddddd/000000');
insert into item_sub_images (item_id, sub_image_url) values (6, 'http://dummyimage.com/203x103.png/5fa2dd/ffffff');
insert into item_sub_images (item_id, sub_image_url) values (7, 'http://dummyimage.com/221x176.png/ff4444/ffffff');
insert into item_sub_images (item_id, sub_image_url) values (8, 'http://dummyimage.com/249x177.png/ff4444/ffffff');
insert into item_sub_images (item_id, sub_image_url) values (9, 'http://dummyimage.com/219x166.png/5fa2dd/ffffff');
insert into item_sub_images (item_id, sub_image_url) values (10, 'http://dummyimage.com/146x117.png/ff4444/ffffff');
insert into item_sub_images (item_id, sub_image_url) values (11, 'http://dummyimage.com/137x112.png/dddddd/000000');
insert into item_sub_images (item_id, sub_image_url) values (12, 'http://dummyimage.com/145x245.png/ff4444/ffffff');
insert into item_sub_images (item_id, sub_image_url) values (13, 'http://dummyimage.com/173x175.png/dddddd/000000');
insert into item_sub_images (item_id, sub_image_url) values (14, 'http://dummyimage.com/211x107.png/cc0000/ffffff');
insert into item_sub_images (item_id, sub_image_url) values (15, 'http://dummyimage.com/250x200.png/cc0000/ffffff');
insert into item_sub_images (item_id, sub_image_url) values (16, 'http://dummyimage.com/100x190.png/ff4444/ffffff');
insert into item_sub_images (item_id, sub_image_url) values (17, 'http://dummyimage.com/162x237.png/dddddd/000000');
insert into item_sub_images (item_id, sub_image_url) values (18, 'http://dummyimage.com/157x130.png/ff4444/ffffff');
insert into item_sub_images (item_id, sub_image_url) values (19, 'http://dummyimage.com/152x188.png/5fa2dd/ffffff');
insert into item_sub_images (item_id, sub_image_url) values (20, 'http://dummyimage.com/136x101.png/ff4444/ffffff');
insert into item_sub_images (item_id, sub_image_url) values (21, 'http://dummyimage.com/217x155.png/cc0000/ffffff');
insert into item_sub_images (item_id, sub_image_url) values (22, 'http://dummyimage.com/243x194.png/5fa2dd/ffffff');
insert into item_sub_images (item_id, sub_image_url) values (23, 'http://dummyimage.com/208x183.png/dddddd/000000');
insert into item_sub_images (item_id, sub_image_url) values (24, 'http://dummyimage.com/170x150.png/dddddd/000000');
insert into item_sub_images (item_id, sub_image_url) values (25, 'http://dummyimage.com/221x100.png/cc0000/ffffff');
insert into item_sub_images (item_id, sub_image_url) values (26, 'http://dummyimage.com/208x147.png/dddddd/000000');
insert into item_sub_images (item_id, sub_image_url) values (27, 'http://dummyimage.com/168x222.png/dddddd/000000');
insert into item_sub_images (item_id, sub_image_url) values (28, 'http://dummyimage.com/103x177.png/dddddd/000000');
insert into item_sub_images (item_id, sub_image_url) values (29, 'http://dummyimage.com/242x108.png/dddddd/000000');
insert into item_sub_images (item_id, sub_image_url) values (30, 'http://dummyimage.com/202x145.png/5fa2dd/ffffff');
insert into item_sub_images (item_id, sub_image_url) values (31, 'http://dummyimage.com/136x214.png/5fa2dd/ffffff');
insert into item_sub_images (item_id, sub_image_url) values (32, 'http://dummyimage.com/209x216.png/cc0000/ffffff');
insert into item_sub_images (item_id, sub_image_url) values (33, 'http://dummyimage.com/216x186.png/ff4444/ffffff');
insert into item_sub_images (item_id, sub_image_url) values (34, 'http://dummyimage.com/140x164.png/ff4444/ffffff');
insert into item_sub_images (item_id, sub_image_url) values (35, 'http://dummyimage.com/158x158.png/dddddd/000000');
insert into item_sub_images (item_id, sub_image_url) values (36, 'http://dummyimage.com/228x129.png/5fa2dd/ffffff');
insert into item_sub_images (item_id, sub_image_url) values (37, 'http://dummyimage.com/183x234.png/ff4444/ffffff');
insert into item_sub_images (item_id, sub_image_url) values (38, 'http://dummyimage.com/230x131.png/ff4444/ffffff');
insert into item_sub_images (item_id, sub_image_url) values (39, 'http://dummyimage.com/164x191.png/5fa2dd/ffffff');
insert into item_sub_images (item_id, sub_image_url) values (40, 'http://dummyimage.com/180x152.png/dddddd/000000');
insert into item_sub_images (item_id, sub_image_url) values (41, 'http://dummyimage.com/210x118.png/5fa2dd/ffffff');
insert into item_sub_images (item_id, sub_image_url) values (42, 'http://dummyimage.com/181x167.png/5fa2dd/ffffff');
insert into item_sub_images (item_id, sub_image_url) values (43, 'http://dummyimage.com/125x149.png/5fa2dd/ffffff');
insert into item_sub_images (item_id, sub_image_url) values (44, 'http://dummyimage.com/139x158.png/ff4444/ffffff');
insert into item_sub_images (item_id, sub_image_url) values (45, 'http://dummyimage.com/137x137.png/ff4444/ffffff');
insert into item_sub_images (item_id, sub_image_url) values (46, 'http://dummyimage.com/192x149.png/dddddd/000000');
insert into item_sub_images (item_id, sub_image_url) values (47, 'http://dummyimage.com/173x177.png/cc0000/ffffff');
insert into item_sub_images (item_id, sub_image_url) values (48, 'http://dummyimage.com/124x137.png/ff4444/ffffff');
insert into item_sub_images (item_id, sub_image_url) values (49, 'http://dummyimage.com/212x243.png/5fa2dd/ffffff');
insert into item_sub_images (item_id, sub_image_url) values (50, 'http://dummyimage.com/193x237.png/ff4444/ffffff');
insert into item_sub_images (item_id, sub_image_url) values (51, 'http://dummyimage.com/197x178.png/cc0000/ffffff');
insert into item_sub_images (item_id, sub_image_url) values (52, 'http://dummyimage.com/105x175.png/cc0000/ffffff');
insert into item_sub_images (item_id, sub_image_url) values (53, 'http://dummyimage.com/168x173.png/ff4444/ffffff');
insert into item_sub_images (item_id, sub_image_url) values (54, 'http://dummyimage.com/133x217.png/dddddd/000000');
insert into item_sub_images (item_id, sub_image_url) values (55, 'http://dummyimage.com/106x189.png/dddddd/000000');
insert into item_sub_images (item_id, sub_image_url) values (56, 'http://dummyimage.com/204x175.png/dddddd/000000');
insert into item_sub_images (item_id, sub_image_url) values (57, 'http://dummyimage.com/237x202.png/cc0000/ffffff');
insert into item_sub_images (item_id, sub_image_url) values (58, 'http://dummyimage.com/242x190.png/cc0000/ffffff');
insert into item_sub_images (item_id, sub_image_url) values (59, 'http://dummyimage.com/103x173.png/cc0000/ffffff');
insert into item_sub_images (item_id, sub_image_url) values (60, 'http://dummyimage.com/198x127.png/ff4444/ffffff');
insert into item_sub_images (item_id, sub_image_url) values (61, 'http://dummyimage.com/240x188.png/ff4444/ffffff');
insert into item_sub_images (item_id, sub_image_url) values (62, 'http://dummyimage.com/106x243.png/ff4444/ffffff');
insert into item_sub_images (item_id, sub_image_url) values (63, 'http://dummyimage.com/153x217.png/ff4444/ffffff');
insert into item_sub_images (item_id, sub_image_url) values (64, 'http://dummyimage.com/140x175.png/ff4444/ffffff');
insert into item_sub_images (item_id, sub_image_url) values (65, 'http://dummyimage.com/107x163.png/cc0000/ffffff');
insert into item_sub_images (item_id, sub_image_url) values (66, 'http://dummyimage.com/133x247.png/5fa2dd/ffffff');
insert into item_sub_images (item_id, sub_image_url) values (67, 'http://dummyimage.com/140x125.png/ff4444/ffffff');
insert into item_sub_images (item_id, sub_image_url) values (68, 'http://dummyimage.com/190x247.png/cc0000/ffffff');
insert into item_sub_images (item_id, sub_image_url) values (69, 'http://dummyimage.com/168x148.png/cc0000/ffffff');
insert into item_sub_images (item_id, sub_image_url) values (70, 'http://dummyimage.com/102x241.png/ff4444/ffffff');
insert into item_sub_images (item_id, sub_image_url) values (71, 'http://dummyimage.com/108x205.png/dddddd/000000');
insert into item_sub_images (item_id, sub_image_url) values (72, 'http://dummyimage.com/154x243.png/cc0000/ffffff');
insert into item_sub_images (item_id, sub_image_url) values (73, 'http://dummyimage.com/181x205.png/cc0000/ffffff');
insert into item_sub_images (item_id, sub_image_url) values (74, 'http://dummyimage.com/159x219.png/cc0000/ffffff');
insert into item_sub_images (item_id, sub_image_url) values (75, 'http://dummyimage.com/182x215.png/dddddd/000000');
insert into item_sub_images (item_id, sub_image_url) values (76, 'http://dummyimage.com/131x219.png/ff4444/ffffff');
insert into item_sub_images (item_id, sub_image_url) values (77, 'http://dummyimage.com/150x125.png/dddddd/000000');
insert into item_sub_images (item_id, sub_image_url) values (78, 'http://dummyimage.com/102x237.png/ff4444/ffffff');
insert into item_sub_images (item_id, sub_image_url) values (79, 'http://dummyimage.com/220x210.png/5fa2dd/ffffff');
insert into item_sub_images (item_id, sub_image_url) values (80, 'http://dummyimage.com/180x247.png/ff4444/ffffff');
insert into item_sub_images (item_id, sub_image_url) values (81, 'http://dummyimage.com/207x161.png/5fa2dd/ffffff');
insert into item_sub_images (item_id, sub_image_url) values (82, 'http://dummyimage.com/114x164.png/dddddd/000000');
insert into item_sub_images (item_id, sub_image_url) values (83, 'http://dummyimage.com/123x170.png/dddddd/000000');
insert into item_sub_images (item_id, sub_image_url) values (84, 'http://dummyimage.com/179x240.png/dddddd/000000');
insert into item_sub_images (item_id, sub_image_url) values (85, 'http://dummyimage.com/153x207.png/dddddd/000000');
insert into item_sub_images (item_id, sub_image_url) values (86, 'http://dummyimage.com/234x171.png/dddddd/000000');
insert into item_sub_images (item_id, sub_image_url) values (87, 'http://dummyimage.com/107x138.png/5fa2dd/ffffff');
insert into item_sub_images (item_id, sub_image_url) values (88, 'http://dummyimage.com/168x222.png/ff4444/ffffff');
insert into item_sub_images (item_id, sub_image_url) values (89, 'http://dummyimage.com/250x202.png/cc0000/ffffff');
insert into item_sub_images (item_id, sub_image_url) values (90, 'http://dummyimage.com/210x216.png/dddddd/000000');
insert into item_sub_images (item_id, sub_image_url) values (91, 'http://dummyimage.com/137x168.png/5fa2dd/ffffff');
insert into item_sub_images (item_id, sub_image_url) values (92, 'http://dummyimage.com/232x152.png/dddddd/000000');
insert into item_sub_images (item_id, sub_image_url) values (93, 'http://dummyimage.com/223x193.png/ff4444/ffffff');
insert into item_sub_images (item_id, sub_image_url) values (94, 'http://dummyimage.com/111x184.png/ff4444/ffffff');
insert into item_sub_images (item_id, sub_image_url) values (95, 'http://dummyimage.com/229x153.png/dddddd/000000');
insert into item_sub_images (item_id, sub_image_url) values (96, 'http://dummyimage.com/250x207.png/5fa2dd/ffffff');
insert into item_sub_images (item_id, sub_image_url) values (97, 'http://dummyimage.com/117x120.png/5fa2dd/ffffff');
insert into item_sub_images (item_id, sub_image_url) values (98, 'http://dummyimage.com/210x121.png/5fa2dd/ffffff');
insert into item_sub_images (item_id, sub_image_url) values (99, 'http://dummyimage.com/231x216.png/ff4444/ffffff');
insert into item_sub_images (item_id, sub_image_url) values (100, 'http://dummyimage.com/210x237.png/ff4444/ffffff');
insert into item_sub_images (item_id, sub_image_url) values (101, 'http://dummyimage.com/129x185.png/dddddd/000000');
insert into item_sub_images (item_id, sub_image_url) values (102, 'http://dummyimage.com/115x207.png/5fa2dd/ffffff');
insert into item_sub_images (item_id, sub_image_url) values (103, 'http://dummyimage.com/170x225.png/cc0000/ffffff');
insert into item_sub_images (item_id, sub_image_url) values (104, 'http://dummyimage.com/158x125.png/5fa2dd/ffffff');
insert into item_sub_images (item_id, sub_image_url) values (105, 'http://dummyimage.com/199x220.png/ff4444/ffffff');
insert into item_sub_images (item_id, sub_image_url) values (106, 'http://dummyimage.com/212x190.png/5fa2dd/ffffff');
insert into item_sub_images (item_id, sub_image_url) values (107, 'http://dummyimage.com/182x120.png/ff4444/ffffff');
insert into item_sub_images (item_id, sub_image_url) values (108, 'http://dummyimage.com/247x144.png/5fa2dd/ffffff');
insert into item_sub_images (item_id, sub_image_url) values (109, 'http://dummyimage.com/120x157.png/5fa2dd/ffffff');
insert into item_sub_images (item_id, sub_image_url) values (110, 'http://dummyimage.com/107x205.png/ff4444/ffffff');
insert into item_sub_images (item_id, sub_image_url) values (111, 'http://dummyimage.com/200x104.png/ff4444/ffffff');
insert into item_sub_images (item_id, sub_image_url) values (112, 'http://dummyimage.com/211x132.png/5fa2dd/ffffff');
insert into item_sub_images (item_id, sub_image_url) values (113, 'http://dummyimage.com/124x161.png/ff4444/ffffff');
insert into item_sub_images (item_id, sub_image_url) values (114, 'http://dummyimage.com/150x240.png/5fa2dd/ffffff');
insert into item_sub_images (item_id, sub_image_url) values (115, 'http://dummyimage.com/192x149.png/ff4444/ffffff');
insert into item_sub_images (item_id, sub_image_url) values (116, 'http://dummyimage.com/241x108.png/dddddd/000000');
insert into item_sub_images (item_id, sub_image_url) values (117, 'http://dummyimage.com/202x112.png/dddddd/000000');
insert into item_sub_images (item_id, sub_image_url) values (118, 'http://dummyimage.com/220x120.png/5fa2dd/ffffff');
insert into item_sub_images (item_id, sub_image_url) values (119, 'http://dummyimage.com/160x182.png/ff4444/ffffff');
insert into item_sub_images (item_id, sub_image_url) values (120, 'http://dummyimage.com/130x160.png/cc0000/ffffff');
insert into item_sub_images (item_id, sub_image_url) values (121, 'http://dummyimage.com/146x110.png/cc0000/ffffff');
insert into item_sub_images (item_id, sub_image_url) values (122, 'http://dummyimage.com/203x120.png/dddddd/000000');
insert into item_sub_images (item_id, sub_image_url) values (123, 'http://dummyimage.com/223x239.png/ff4444/ffffff');
insert into item_sub_images (item_id, sub_image_url) values (124, 'http://dummyimage.com/229x197.png/dddddd/000000');
insert into item_sub_images (item_id, sub_image_url) values (125, 'http://dummyimage.com/238x195.png/cc0000/ffffff');
insert into item_sub_images (item_id, sub_image_url) values (126, 'http://dummyimage.com/156x223.png/5fa2dd/ffffff');
insert into item_sub_images (item_id, sub_image_url) values (127, 'http://dummyimage.com/116x100.png/cc0000/ffffff');
insert into item_sub_images (item_id, sub_image_url) values (128, 'http://dummyimage.com/218x182.png/5fa2dd/ffffff');
insert into item_sub_images (item_id, sub_image_url) values (129, 'http://dummyimage.com/220x157.png/ff4444/ffffff');
insert into item_sub_images (item_id, sub_image_url) values (130, 'http://dummyimage.com/114x145.png/dddddd/000000');
insert into item_sub_images (item_id, sub_image_url) values (131, 'http://dummyimage.com/193x211.png/dddddd/000000');
insert into item_sub_images (item_id, sub_image_url) values (132, 'http://dummyimage.com/110x127.png/5fa2dd/ffffff');
insert into item_sub_images (item_id, sub_image_url) values (133, 'http://dummyimage.com/217x227.png/ff4444/ffffff');
insert into item_sub_images (item_id, sub_image_url) values (134, 'http://dummyimage.com/168x116.png/5fa2dd/ffffff');
insert into item_sub_images (item_id, sub_image_url) values (135, 'http://dummyimage.com/226x114.png/dddddd/000000');
insert into item_sub_images (item_id, sub_image_url) values (136, 'http://dummyimage.com/148x162.png/dddddd/000000');
insert into item_sub_images (item_id, sub_image_url) values (137, 'http://dummyimage.com/243x208.png/ff4444/ffffff');
insert into item_sub_images (item_id, sub_image_url) values (138, 'http://dummyimage.com/106x173.png/dddddd/000000');
insert into item_sub_images (item_id, sub_image_url) values (139, 'http://dummyimage.com/138x157.png/dddddd/000000');
insert into item_sub_images (item_id, sub_image_url) values (140, 'http://dummyimage.com/111x229.png/dddddd/000000');
insert into item_sub_images (item_id, sub_image_url) values (141, 'http://dummyimage.com/155x224.png/cc0000/ffffff');
insert into item_sub_images (item_id, sub_image_url) values (142, 'http://dummyimage.com/110x112.png/5fa2dd/ffffff');
insert into item_sub_images (item_id, sub_image_url) values (143, 'http://dummyimage.com/123x172.png/5fa2dd/ffffff');
insert into item_sub_images (item_id, sub_image_url) values (144, 'http://dummyimage.com/141x107.png/ff4444/ffffff');
insert into item_sub_images (item_id, sub_image_url) values (145, 'http://dummyimage.com/119x136.png/ff4444/ffffff');
insert into item_sub_images (item_id, sub_image_url) values (146, 'http://dummyimage.com/185x236.png/ff4444/ffffff');
insert into item_sub_images (item_id, sub_image_url) values (147, 'http://dummyimage.com/239x131.png/dddddd/000000');
insert into item_sub_images (item_id, sub_image_url) values (148, 'http://dummyimage.com/194x209.png/5fa2dd/ffffff');
insert into item_sub_images (item_id, sub_image_url) values (149, 'http://dummyimage.com/212x142.png/dddddd/000000');
insert into item_sub_images (item_id, sub_image_url) values (150, 'http://dummyimage.com/147x220.png/5fa2dd/ffffff');
insert into item_sub_images (item_id, sub_image_url) values (151, 'http://dummyimage.com/130x124.png/ff4444/ffffff');
insert into item_sub_images (item_id, sub_image_url) values (152, 'http://dummyimage.com/131x186.png/5fa2dd/ffffff');
insert into item_sub_images (item_id, sub_image_url) values (153, 'http://dummyimage.com/205x175.png/cc0000/ffffff');
insert into item_sub_images (item_id, sub_image_url) values (154, 'http://dummyimage.com/154x192.png/cc0000/ffffff');
insert into item_sub_images (item_id, sub_image_url) values (155, 'http://dummyimage.com/124x167.png/cc0000/ffffff');
insert into item_sub_images (item_id, sub_image_url) values (156, 'http://dummyimage.com/242x189.png/cc0000/ffffff');
insert into item_sub_images (item_id, sub_image_url) values (157, 'http://dummyimage.com/183x114.png/5fa2dd/ffffff');
insert into item_sub_images (item_id, sub_image_url) values (158, 'http://dummyimage.com/135x102.png/dddddd/000000');
insert into item_sub_images (item_id, sub_image_url) values (159, 'http://dummyimage.com/153x196.png/ff4444/ffffff');
insert into item_sub_images (item_id, sub_image_url) values (160, 'http://dummyimage.com/217x199.png/cc0000/ffffff');
insert into item_sub_images (item_id, sub_image_url) values (161, 'http://dummyimage.com/138x132.png/cc0000/ffffff');
insert into item_sub_images (item_id, sub_image_url) values (162, 'http://dummyimage.com/206x223.png/5fa2dd/ffffff');
insert into item_sub_images (item_id, sub_image_url) values (163, 'http://dummyimage.com/187x231.png/cc0000/ffffff');
insert into item_sub_images (item_id, sub_image_url) values (164, 'http://dummyimage.com/155x220.png/5fa2dd/ffffff');
insert into item_sub_images (item_id, sub_image_url) values (165, 'http://dummyimage.com/158x153.png/cc0000/ffffff');
insert into item_sub_images (item_id, sub_image_url) values (166, 'http://dummyimage.com/163x170.png/cc0000/ffffff');
insert into item_sub_images (item_id, sub_image_url) values (167, 'http://dummyimage.com/136x173.png/cc0000/ffffff');
insert into item_sub_images (item_id, sub_image_url) values (168, 'http://dummyimage.com/163x155.png/dddddd/000000');
insert into item_sub_images (item_id, sub_image_url) values (169, 'http://dummyimage.com/205x175.png/5fa2dd/ffffff');
insert into item_sub_images (item_id, sub_image_url) values (170, 'http://dummyimage.com/199x206.png/dddddd/000000');
insert into item_sub_images (item_id, sub_image_url) values (171, 'http://dummyimage.com/149x159.png/5fa2dd/ffffff');
insert into item_sub_images (item_id, sub_image_url) values (172, 'http://dummyimage.com/130x142.png/cc0000/ffffff');
insert into item_sub_images (item_id, sub_image_url) values (173, 'http://dummyimage.com/137x228.png/dddddd/000000');
insert into item_sub_images (item_id, sub_image_url) values (174, 'http://dummyimage.com/150x220.png/dddddd/000000');
insert into item_sub_images (item_id, sub_image_url) values (175, 'http://dummyimage.com/247x145.png/5fa2dd/ffffff');
insert into item_sub_images (item_id, sub_image_url) values (176, 'http://dummyimage.com/124x187.png/cc0000/ffffff');
insert into item_sub_images (item_id, sub_image_url) values (177, 'http://dummyimage.com/175x114.png/5fa2dd/ffffff');
insert into item_sub_images (item_id, sub_image_url) values (178, 'http://dummyimage.com/143x107.png/ff4444/ffffff');
insert into item_sub_images (item_id, sub_image_url) values (179, 'http://dummyimage.com/155x186.png/5fa2dd/ffffff');
insert into item_sub_images (item_id, sub_image_url) values (180, 'http://dummyimage.com/151x137.png/cc0000/ffffff');
insert into item_sub_images (item_id, sub_image_url) values (181, 'http://dummyimage.com/191x246.png/cc0000/ffffff');
insert into item_sub_images (item_id, sub_image_url) values (182, 'http://dummyimage.com/151x196.png/dddddd/000000');
insert into item_sub_images (item_id, sub_image_url) values (183, 'http://dummyimage.com/155x129.png/5fa2dd/ffffff');
insert into item_sub_images (item_id, sub_image_url) values (184, 'http://dummyimage.com/213x219.png/5fa2dd/ffffff');
insert into item_sub_images (item_id, sub_image_url) values (185, 'http://dummyimage.com/166x132.png/dddddd/000000');
insert into item_sub_images (item_id, sub_image_url) values (186, 'http://dummyimage.com/188x211.png/dddddd/000000');
insert into item_sub_images (item_id, sub_image_url) values (187, 'http://dummyimage.com/201x215.png/dddddd/000000');
insert into item_sub_images (item_id, sub_image_url) values (188, 'http://dummyimage.com/205x139.png/cc0000/ffffff');
insert into item_sub_images (item_id, sub_image_url) values (189, 'http://dummyimage.com/181x178.png/cc0000/ffffff');
insert into item_sub_images (item_id, sub_image_url) values (190, 'http://dummyimage.com/144x146.png/cc0000/ffffff');
insert into item_sub_images (item_id, sub_image_url) values (191, 'http://dummyimage.com/241x127.png/5fa2dd/ffffff');
insert into item_sub_images (item_id, sub_image_url) values (192, 'http://dummyimage.com/176x248.png/ff4444/ffffff');
insert into item_sub_images (item_id, sub_image_url) values (193, 'http://dummyimage.com/109x216.png/ff4444/ffffff');
insert into item_sub_images (item_id, sub_image_url) values (194, 'http://dummyimage.com/173x111.png/cc0000/ffffff');
insert into item_sub_images (item_id, sub_image_url) values (195, 'http://dummyimage.com/216x234.png/5fa2dd/ffffff');
insert into item_sub_images (item_id, sub_image_url) values (196, 'http://dummyimage.com/222x193.png/cc0000/ffffff');
insert into item_sub_images (item_id, sub_image_url) values (197, 'http://dummyimage.com/202x243.png/cc0000/ffffff');
insert into item_sub_images (item_id, sub_image_url) values (198, 'http://dummyimage.com/157x250.png/cc0000/ffffff');
insert into item_sub_images (item_id, sub_image_url) values (199, 'http://dummyimage.com/203x131.png/cc0000/ffffff');
insert into item_sub_images (item_id, sub_image_url) values (200, 'http://dummyimage.com/188x154.png/5fa2dd/ffffff');
insert into item_sub_images (item_id, sub_image_url) values (1, 'http://dummyimage.com/231x211.png/ff4444/ffffff');
insert into item_sub_images (item_id, sub_image_url) values (2, 'http://dummyimage.com/176x220.png/dddddd/000000');
insert into item_sub_images (item_id, sub_image_url) values (3, 'http://dummyimage.com/120x181.png/cc0000/ffffff');
insert into item_sub_images (item_id, sub_image_url) values (4, 'http://dummyimage.com/180x195.png/cc0000/ffffff');
insert into item_sub_images (item_id, sub_image_url) values (5, 'http://dummyimage.com/131x158.png/ff4444/ffffff');
insert into item_sub_images (item_id, sub_image_url) values (6, 'http://dummyimage.com/223x208.png/ff4444/ffffff');
insert into item_sub_images (item_id, sub_image_url) values (7, 'http://dummyimage.com/158x181.png/5fa2dd/ffffff');
insert into item_sub_images (item_id, sub_image_url) values (8, 'http://dummyimage.com/208x161.png/dddddd/000000');
insert into item_sub_images (item_id, sub_image_url) values (9, 'http://dummyimage.com/220x203.png/5fa2dd/ffffff');
insert into item_sub_images (item_id, sub_image_url) values (10, 'http://dummyimage.com/174x173.png/cc0000/ffffff');
insert into item_sub_images (item_id, sub_image_url) values (11, 'http://dummyimage.com/220x184.png/cc0000/ffffff');
insert into item_sub_images (item_id, sub_image_url) values (12, 'http://dummyimage.com/139x229.png/ff4444/ffffff');
insert into item_sub_images (item_id, sub_image_url) values (13, 'http://dummyimage.com/106x129.png/5fa2dd/ffffff');
insert into item_sub_images (item_id, sub_image_url) values (14, 'http://dummyimage.com/209x175.png/dddddd/000000');
insert into item_sub_images (item_id, sub_image_url) values (15, 'http://dummyimage.com/186x208.png/ff4444/ffffff');
insert into item_sub_images (item_id, sub_image_url) values (16, 'http://dummyimage.com/207x175.png/cc0000/ffffff');
insert into item_sub_images (item_id, sub_image_url) values (17, 'http://dummyimage.com/187x178.png/ff4444/ffffff');
insert into item_sub_images (item_id, sub_image_url) values (18, 'http://dummyimage.com/199x189.png/ff4444/ffffff');
insert into item_sub_images (item_id, sub_image_url) values (19, 'http://dummyimage.com/161x206.png/ff4444/ffffff');
insert into item_sub_images (item_id, sub_image_url) values (20, 'http://dummyimage.com/184x162.png/dddddd/000000');
insert into item_sub_images (item_id, sub_image_url) values (21, 'http://dummyimage.com/205x195.png/5fa2dd/ffffff');
insert into item_sub_images (item_id, sub_image_url) values (22, 'http://dummyimage.com/202x232.png/dddddd/000000');
insert into item_sub_images (item_id, sub_image_url) values (23, 'http://dummyimage.com/176x188.png/dddddd/000000');
insert into item_sub_images (item_id, sub_image_url) values (24, 'http://dummyimage.com/138x195.png/5fa2dd/ffffff');
insert into item_sub_images (item_id, sub_image_url) values (25, 'http://dummyimage.com/182x149.png/5fa2dd/ffffff');
insert into item_sub_images (item_id, sub_image_url) values (26, 'http://dummyimage.com/234x168.png/5fa2dd/ffffff');
insert into item_sub_images (item_id, sub_image_url) values (27, 'http://dummyimage.com/150x215.png/dddddd/000000');
insert into item_sub_images (item_id, sub_image_url) values (28, 'http://dummyimage.com/218x239.png/dddddd/000000');
insert into item_sub_images (item_id, sub_image_url) values (29, 'http://dummyimage.com/103x103.png/dddddd/000000');
insert into item_sub_images (item_id, sub_image_url) values (30, 'http://dummyimage.com/118x101.png/5fa2dd/ffffff');
insert into item_sub_images (item_id, sub_image_url) values (31, 'http://dummyimage.com/232x209.png/dddddd/000000');
insert into item_sub_images (item_id, sub_image_url) values (32, 'http://dummyimage.com/238x167.png/5fa2dd/ffffff');
insert into item_sub_images (item_id, sub_image_url) values (33, 'http://dummyimage.com/104x169.png/cc0000/ffffff');
insert into item_sub_images (item_id, sub_image_url) values (34, 'http://dummyimage.com/141x236.png/5fa2dd/ffffff');
insert into item_sub_images (item_id, sub_image_url) values (35, 'http://dummyimage.com/200x127.png/ff4444/ffffff');
insert into item_sub_images (item_id, sub_image_url) values (36, 'http://dummyimage.com/240x122.png/dddddd/000000');
insert into item_sub_images (item_id, sub_image_url) values (37, 'http://dummyimage.com/170x228.png/cc0000/ffffff');
insert into item_sub_images (item_id, sub_image_url) values (38, 'http://dummyimage.com/147x102.png/dddddd/000000');
insert into item_sub_images (item_id, sub_image_url) values (39, 'http://dummyimage.com/237x173.png/5fa2dd/ffffff');
insert into item_sub_images (item_id, sub_image_url) values (40, 'http://dummyimage.com/111x158.png/cc0000/ffffff');
insert into item_sub_images (item_id, sub_image_url) values (41, 'http://dummyimage.com/119x159.png/ff4444/ffffff');
insert into item_sub_images (item_id, sub_image_url) values (42, 'http://dummyimage.com/126x230.png/ff4444/ffffff');
insert into item_sub_images (item_id, sub_image_url) values (43, 'http://dummyimage.com/206x190.png/dddddd/000000');
insert into item_sub_images (item_id, sub_image_url) values (44, 'http://dummyimage.com/221x187.png/cc0000/ffffff');
insert into item_sub_images (item_id, sub_image_url) values (45, 'http://dummyimage.com/239x187.png/dddddd/000000');
insert into item_sub_images (item_id, sub_image_url) values (46, 'http://dummyimage.com/126x183.png/dddddd/000000');
insert into item_sub_images (item_id, sub_image_url) values (47, 'http://dummyimage.com/109x220.png/ff4444/ffffff');
insert into item_sub_images (item_id, sub_image_url) values (48, 'http://dummyimage.com/234x161.png/5fa2dd/ffffff');
insert into item_sub_images (item_id, sub_image_url) values (49, 'http://dummyimage.com/117x136.png/ff4444/ffffff');
insert into item_sub_images (item_id, sub_image_url) values (50, 'http://dummyimage.com/101x159.png/dddddd/000000');
insert into item_sub_images (item_id, sub_image_url) values (51, 'http://dummyimage.com/141x166.png/ff4444/ffffff');
insert into item_sub_images (item_id, sub_image_url) values (52, 'http://dummyimage.com/157x130.png/dddddd/000000');
insert into item_sub_images (item_id, sub_image_url) values (53, 'http://dummyimage.com/238x136.png/5fa2dd/ffffff');
insert into item_sub_images (item_id, sub_image_url) values (54, 'http://dummyimage.com/218x110.png/5fa2dd/ffffff');
insert into item_sub_images (item_id, sub_image_url) values (55, 'http://dummyimage.com/217x147.png/ff4444/ffffff');
insert into item_sub_images (item_id, sub_image_url) values (56, 'http://dummyimage.com/102x105.png/ff4444/ffffff');
insert into item_sub_images (item_id, sub_image_url) values (57, 'http://dummyimage.com/166x162.png/dddddd/000000');
insert into item_sub_images (item_id, sub_image_url) values (58, 'http://dummyimage.com/176x174.png/dddddd/000000');
insert into item_sub_images (item_id, sub_image_url) values (59, 'http://dummyimage.com/221x237.png/ff4444/ffffff');
insert into item_sub_images (item_id, sub_image_url) values (60, 'http://dummyimage.com/102x203.png/dddddd/000000');
insert into item_sub_images (item_id, sub_image_url) values (61, 'http://dummyimage.com/220x100.png/dddddd/000000');
insert into item_sub_images (item_id, sub_image_url) values (62, 'http://dummyimage.com/109x165.png/cc0000/ffffff');
insert into item_sub_images (item_id, sub_image_url) values (63, 'http://dummyimage.com/123x238.png/dddddd/000000');
insert into item_sub_images (item_id, sub_image_url) values (64, 'http://dummyimage.com/193x169.png/5fa2dd/ffffff');
insert into item_sub_images (item_id, sub_image_url) values (65, 'http://dummyimage.com/156x112.png/5fa2dd/ffffff');
insert into item_sub_images (item_id, sub_image_url) values (66, 'http://dummyimage.com/224x209.png/ff4444/ffffff');
insert into item_sub_images (item_id, sub_image_url) values (67, 'http://dummyimage.com/132x124.png/cc0000/ffffff');
insert into item_sub_images (item_id, sub_image_url) values (68, 'http://dummyimage.com/212x243.png/5fa2dd/ffffff');
insert into item_sub_images (item_id, sub_image_url) values (69, 'http://dummyimage.com/219x193.png/5fa2dd/ffffff');
insert into item_sub_images (item_id, sub_image_url) values (70, 'http://dummyimage.com/212x154.png/cc0000/ffffff');
insert into item_sub_images (item_id, sub_image_url) values (71, 'http://dummyimage.com/227x113.png/5fa2dd/ffffff');
insert into item_sub_images (item_id, sub_image_url) values (72, 'http://dummyimage.com/184x163.png/5fa2dd/ffffff');
insert into item_sub_images (item_id, sub_image_url) values (73, 'http://dummyimage.com/181x224.png/cc0000/ffffff');
insert into item_sub_images (item_id, sub_image_url) values (74, 'http://dummyimage.com/228x196.png/cc0000/ffffff');
insert into item_sub_images (item_id, sub_image_url) values (75, 'http://dummyimage.com/205x214.png/5fa2dd/ffffff');
insert into item_sub_images (item_id, sub_image_url) values (76, 'http://dummyimage.com/173x169.png/dddddd/000000');
insert into item_sub_images (item_id, sub_image_url) values (77, 'http://dummyimage.com/138x105.png/cc0000/ffffff');
insert into item_sub_images (item_id, sub_image_url) values (78, 'http://dummyimage.com/110x135.png/ff4444/ffffff');
insert into item_sub_images (item_id, sub_image_url) values (79, 'http://dummyimage.com/170x249.png/ff4444/ffffff');
insert into item_sub_images (item_id, sub_image_url) values (80, 'http://dummyimage.com/192x118.png/ff4444/ffffff');
insert into item_sub_images (item_id, sub_image_url) values (81, 'http://dummyimage.com/215x205.png/dddddd/000000');
insert into item_sub_images (item_id, sub_image_url) values (82, 'http://dummyimage.com/207x210.png/ff4444/ffffff');
insert into item_sub_images (item_id, sub_image_url) values (83, 'http://dummyimage.com/166x164.png/cc0000/ffffff');
insert into item_sub_images (item_id, sub_image_url) values (84, 'http://dummyimage.com/184x205.png/5fa2dd/ffffff');
insert into item_sub_images (item_id, sub_image_url) values (85, 'http://dummyimage.com/211x224.png/cc0000/ffffff');
insert into item_sub_images (item_id, sub_image_url) values (86, 'http://dummyimage.com/104x246.png/dddddd/000000');
insert into item_sub_images (item_id, sub_image_url) values (87, 'http://dummyimage.com/120x246.png/ff4444/ffffff');
insert into item_sub_images (item_id, sub_image_url) values (88, 'http://dummyimage.com/137x226.png/dddddd/000000');
insert into item_sub_images (item_id, sub_image_url) values (89, 'http://dummyimage.com/177x233.png/cc0000/ffffff');
insert into item_sub_images (item_id, sub_image_url) values (90, 'http://dummyimage.com/245x147.png/cc0000/ffffff');
insert into item_sub_images (item_id, sub_image_url) values (91, 'http://dummyimage.com/105x145.png/5fa2dd/ffffff');
insert into item_sub_images (item_id, sub_image_url) values (92, 'http://dummyimage.com/183x212.png/ff4444/ffffff');
insert into item_sub_images (item_id, sub_image_url) values (93, 'http://dummyimage.com/120x240.png/5fa2dd/ffffff');
insert into item_sub_images (item_id, sub_image_url) values (94, 'http://dummyimage.com/203x138.png/ff4444/ffffff');
insert into item_sub_images (item_id, sub_image_url) values (95, 'http://dummyimage.com/239x245.png/dddddd/000000');
insert into item_sub_images (item_id, sub_image_url) values (96, 'http://dummyimage.com/190x229.png/ff4444/ffffff');
insert into item_sub_images (item_id, sub_image_url) values (97, 'http://dummyimage.com/199x210.png/cc0000/ffffff');
insert into item_sub_images (item_id, sub_image_url) values (98, 'http://dummyimage.com/133x220.png/5fa2dd/ffffff');
insert into item_sub_images (item_id, sub_image_url) values (99, 'http://dummyimage.com/231x145.png/5fa2dd/ffffff');
insert into item_sub_images (item_id, sub_image_url) values (100, 'http://dummyimage.com/182x220.png/ff4444/ffffff');
insert into item_sub_images (item_id, sub_image_url) values (101, 'http://dummyimage.com/170x149.png/dddddd/000000');
insert into item_sub_images (item_id, sub_image_url) values (102, 'http://dummyimage.com/229x109.png/5fa2dd/ffffff');
insert into item_sub_images (item_id, sub_image_url) values (103, 'http://dummyimage.com/132x161.png/ff4444/ffffff');
insert into item_sub_images (item_id, sub_image_url) values (104, 'http://dummyimage.com/155x243.png/5fa2dd/ffffff');
insert into item_sub_images (item_id, sub_image_url) values (105, 'http://dummyimage.com/203x192.png/dddddd/000000');
insert into item_sub_images (item_id, sub_image_url) values (106, 'http://dummyimage.com/240x198.png/5fa2dd/ffffff');
insert into item_sub_images (item_id, sub_image_url) values (107, 'http://dummyimage.com/242x136.png/ff4444/ffffff');
insert into item_sub_images (item_id, sub_image_url) values (108, 'http://dummyimage.com/110x244.png/ff4444/ffffff');
insert into item_sub_images (item_id, sub_image_url) values (109, 'http://dummyimage.com/173x172.png/cc0000/ffffff');
insert into item_sub_images (item_id, sub_image_url) values (110, 'http://dummyimage.com/119x122.png/ff4444/ffffff');
insert into item_sub_images (item_id, sub_image_url) values (111, 'http://dummyimage.com/205x236.png/cc0000/ffffff');
insert into item_sub_images (item_id, sub_image_url) values (112, 'http://dummyimage.com/218x147.png/dddddd/000000');
insert into item_sub_images (item_id, sub_image_url) values (113, 'http://dummyimage.com/233x175.png/cc0000/ffffff');
insert into item_sub_images (item_id, sub_image_url) values (114, 'http://dummyimage.com/114x201.png/cc0000/ffffff');
insert into item_sub_images (item_id, sub_image_url) values (115, 'http://dummyimage.com/101x111.png/dddddd/000000');
insert into item_sub_images (item_id, sub_image_url) values (116, 'http://dummyimage.com/227x232.png/dddddd/000000');
insert into item_sub_images (item_id, sub_image_url) values (117, 'http://dummyimage.com/126x216.png/ff4444/ffffff');
insert into item_sub_images (item_id, sub_image_url) values (118, 'http://dummyimage.com/163x103.png/ff4444/ffffff');
insert into item_sub_images (item_id, sub_image_url) values (119, 'http://dummyimage.com/100x228.png/dddddd/000000');
insert into item_sub_images (item_id, sub_image_url) values (120, 'http://dummyimage.com/225x118.png/cc0000/ffffff');
insert into item_sub_images (item_id, sub_image_url) values (121, 'http://dummyimage.com/200x238.png/5fa2dd/ffffff');
insert into item_sub_images (item_id, sub_image_url) values (122, 'http://dummyimage.com/129x167.png/ff4444/ffffff');
insert into item_sub_images (item_id, sub_image_url) values (123, 'http://dummyimage.com/136x244.png/cc0000/ffffff');
insert into item_sub_images (item_id, sub_image_url) values (124, 'http://dummyimage.com/224x208.png/ff4444/ffffff');
insert into item_sub_images (item_id, sub_image_url) values (125, 'http://dummyimage.com/118x240.png/dddddd/000000');
insert into item_sub_images (item_id, sub_image_url) values (126, 'http://dummyimage.com/175x214.png/5fa2dd/ffffff');
insert into item_sub_images (item_id, sub_image_url) values (127, 'http://dummyimage.com/134x163.png/dddddd/000000');
insert into item_sub_images (item_id, sub_image_url) values (128, 'http://dummyimage.com/112x240.png/ff4444/ffffff');
insert into item_sub_images (item_id, sub_image_url) values (129, 'http://dummyimage.com/228x212.png/ff4444/ffffff');
insert into item_sub_images (item_id, sub_image_url) values (130, 'http://dummyimage.com/100x183.png/ff4444/ffffff');
insert into item_sub_images (item_id, sub_image_url) values (131, 'http://dummyimage.com/212x198.png/dddddd/000000');
insert into item_sub_images (item_id, sub_image_url) values (132, 'http://dummyimage.com/218x175.png/dddddd/000000');
insert into item_sub_images (item_id, sub_image_url) values (133, 'http://dummyimage.com/159x158.png/cc0000/ffffff');
insert into item_sub_images (item_id, sub_image_url) values (134, 'http://dummyimage.com/220x129.png/dddddd/000000');
insert into item_sub_images (item_id, sub_image_url) values (135, 'http://dummyimage.com/225x237.png/cc0000/ffffff');
insert into item_sub_images (item_id, sub_image_url) values (136, 'http://dummyimage.com/242x212.png/dddddd/000000');
insert into item_sub_images (item_id, sub_image_url) values (137, 'http://dummyimage.com/142x125.png/ff4444/ffffff');
insert into item_sub_images (item_id, sub_image_url) values (138, 'http://dummyimage.com/137x168.png/cc0000/ffffff');
insert into item_sub_images (item_id, sub_image_url) values (139, 'http://dummyimage.com/230x130.png/dddddd/000000');
insert into item_sub_images (item_id, sub_image_url) values (140, 'http://dummyimage.com/114x126.png/cc0000/ffffff');
insert into item_sub_images (item_id, sub_image_url) values (141, 'http://dummyimage.com/224x223.png/cc0000/ffffff');
insert into item_sub_images (item_id, sub_image_url) values (142, 'http://dummyimage.com/228x116.png/5fa2dd/ffffff');
insert into item_sub_images (item_id, sub_image_url) values (143, 'http://dummyimage.com/111x193.png/cc0000/ffffff');
insert into item_sub_images (item_id, sub_image_url) values (144, 'http://dummyimage.com/114x237.png/ff4444/ffffff');
insert into item_sub_images (item_id, sub_image_url) values (145, 'http://dummyimage.com/250x236.png/cc0000/ffffff');
insert into item_sub_images (item_id, sub_image_url) values (146, 'http://dummyimage.com/149x181.png/cc0000/ffffff');
insert into item_sub_images (item_id, sub_image_url) values (147, 'http://dummyimage.com/243x231.png/ff4444/ffffff');
insert into item_sub_images (item_id, sub_image_url) values (148, 'http://dummyimage.com/148x187.png/ff4444/ffffff');
insert into item_sub_images (item_id, sub_image_url) values (149, 'http://dummyimage.com/208x191.png/5fa2dd/ffffff');
insert into item_sub_images (item_id, sub_image_url) values (150, 'http://dummyimage.com/170x182.png/ff4444/ffffff');
insert into item_sub_images (item_id, sub_image_url) values (151, 'http://dummyimage.com/212x192.png/dddddd/000000');
insert into item_sub_images (item_id, sub_image_url) values (152, 'http://dummyimage.com/236x213.png/ff4444/ffffff');
insert into item_sub_images (item_id, sub_image_url) values (153, 'http://dummyimage.com/218x189.png/dddddd/000000');
insert into item_sub_images (item_id, sub_image_url) values (154, 'http://dummyimage.com/216x122.png/5fa2dd/ffffff');
insert into item_sub_images (item_id, sub_image_url) values (155, 'http://dummyimage.com/115x103.png/cc0000/ffffff');
insert into item_sub_images (item_id, sub_image_url) values (156, 'http://dummyimage.com/138x123.png/cc0000/ffffff');
insert into item_sub_images (item_id, sub_image_url) values (157, 'http://dummyimage.com/105x245.png/dddddd/000000');
insert into item_sub_images (item_id, sub_image_url) values (158, 'http://dummyimage.com/217x245.png/5fa2dd/ffffff');
insert into item_sub_images (item_id, sub_image_url) values (159, 'http://dummyimage.com/194x109.png/cc0000/ffffff');
insert into item_sub_images (item_id, sub_image_url) values (160, 'http://dummyimage.com/113x107.png/cc0000/ffffff');
insert into item_sub_images (item_id, sub_image_url) values (161, 'http://dummyimage.com/171x174.png/dddddd/000000');
insert into item_sub_images (item_id, sub_image_url) values (162, 'http://dummyimage.com/164x191.png/cc0000/ffffff');
insert into item_sub_images (item_id, sub_image_url) values (163, 'http://dummyimage.com/109x107.png/5fa2dd/ffffff');
insert into item_sub_images (item_id, sub_image_url) values (164, 'http://dummyimage.com/234x162.png/cc0000/ffffff');
insert into item_sub_images (item_id, sub_image_url) values (165, 'http://dummyimage.com/213x143.png/cc0000/ffffff');
insert into item_sub_images (item_id, sub_image_url) values (166, 'http://dummyimage.com/249x130.png/ff4444/ffffff');
insert into item_sub_images (item_id, sub_image_url) values (167, 'http://dummyimage.com/249x206.png/dddddd/000000');
insert into item_sub_images (item_id, sub_image_url) values (168, 'http://dummyimage.com/140x192.png/5fa2dd/ffffff');
insert into item_sub_images (item_id, sub_image_url) values (169, 'http://dummyimage.com/168x143.png/ff4444/ffffff');
insert into item_sub_images (item_id, sub_image_url) values (170, 'http://dummyimage.com/168x166.png/5fa2dd/ffffff');
insert into item_sub_images (item_id, sub_image_url) values (171, 'http://dummyimage.com/108x193.png/ff4444/ffffff');
insert into item_sub_images (item_id, sub_image_url) values (172, 'http://dummyimage.com/236x181.png/cc0000/ffffff');
insert into item_sub_images (item_id, sub_image_url) values (173, 'http://dummyimage.com/116x152.png/cc0000/ffffff');
insert into item_sub_images (item_id, sub_image_url) values (174, 'http://dummyimage.com/164x102.png/cc0000/ffffff');
insert into item_sub_images (item_id, sub_image_url) values (175, 'http://dummyimage.com/146x247.png/dddddd/000000');
insert into item_sub_images (item_id, sub_image_url) values (176, 'http://dummyimage.com/134x168.png/5fa2dd/ffffff');
insert into item_sub_images (item_id, sub_image_url) values (177, 'http://dummyimage.com/122x144.png/5fa2dd/ffffff');
insert into item_sub_images (item_id, sub_image_url) values (178, 'http://dummyimage.com/137x118.png/5fa2dd/ffffff');
insert into item_sub_images (item_id, sub_image_url) values (179, 'http://dummyimage.com/143x136.png/5fa2dd/ffffff');
insert into item_sub_images (item_id, sub_image_url) values (180, 'http://dummyimage.com/184x224.png/cc0000/ffffff');
insert into item_sub_images (item_id, sub_image_url) values (181, 'http://dummyimage.com/159x230.png/5fa2dd/ffffff');
insert into item_sub_images (item_id, sub_image_url) values (182, 'http://dummyimage.com/245x210.png/ff4444/ffffff');
insert into item_sub_images (item_id, sub_image_url) values (183, 'http://dummyimage.com/151x144.png/ff4444/ffffff');
insert into item_sub_images (item_id, sub_image_url) values (184, 'http://dummyimage.com/187x117.png/cc0000/ffffff');
insert into item_sub_images (item_id, sub_image_url) values (185, 'http://dummyimage.com/114x134.png/5fa2dd/ffffff');
insert into item_sub_images (item_id, sub_image_url) values (186, 'http://dummyimage.com/148x164.png/cc0000/ffffff');
insert into item_sub_images (item_id, sub_image_url) values (187, 'http://dummyimage.com/145x222.png/5fa2dd/ffffff');
insert into item_sub_images (item_id, sub_image_url) values (188, 'http://dummyimage.com/136x154.png/ff4444/ffffff');
insert into item_sub_images (item_id, sub_image_url) values (189, 'http://dummyimage.com/136x236.png/dddddd/000000');
insert into item_sub_images (item_id, sub_image_url) values (190, 'http://dummyimage.com/128x191.png/ff4444/ffffff');
insert into item_sub_images (item_id, sub_image_url) values (191, 'http://dummyimage.com/167x156.png/dddddd/000000');
insert into item_sub_images (item_id, sub_image_url) values (192, 'http://dummyimage.com/195x110.png/ff4444/ffffff');
insert into item_sub_images (item_id, sub_image_url) values (193, 'http://dummyimage.com/103x115.png/5fa2dd/ffffff');
insert into item_sub_images (item_id, sub_image_url) values (194, 'http://dummyimage.com/142x191.png/cc0000/ffffff');
insert into item_sub_images (item_id, sub_image_url) values (195, 'http://dummyimage.com/110x243.png/dddddd/000000');
insert into item_sub_images (item_id, sub_image_url) values (196, 'http://dummyimage.com/131x239.png/5fa2dd/ffffff');
insert into item_sub_images (item_id, sub_image_url) values (197, 'http://dummyimage.com/147x190.png/cc0000/ffffff');
insert into item_sub_images (item_id, sub_image_url) values (198, 'http://dummyimage.com/115x174.png/cc0000/ffffff');
insert into item_sub_images (item_id, sub_image_url) values (199, 'http://dummyimage.com/118x194.png/ff4444/ffffff');
insert into item_sub_images (item_id, sub_image_url) values (200, 'http://dummyimage.com/167x120.png/dddddd/000000');
