insert into category_large (id, name) values (1, '여성의류');
insert into category_mid (id, name, parent) VALUES (1, '아우터', 1);
insert into category_mid (id, name, parent) VALUES (2, '상의', 1);
insert into category_mid (id, name, parent) VALUES (3, '하의', 1);
insert into category_mid (id, name, parent) VALUES (4, '원피스', 1);
insert into category_mid (id, name, parent) VALUES (5, '신발', 1);

insert into category_large (id, name) values (2, '남성의류');
insert into category_mid (id, name, parent) VALUES (6, '아우터', 2);
insert into category_mid (id, name, parent) VALUES (7, '상의', 2);
insert into category_mid (id, name, parent) VALUES (8, '하의', 2);
insert into category_mid (id, name, parent) VALUES (9, '신발', 2);

insert into category_large (id, name) values (3, '패션잡화');
insert into category_mid (id, name, parent) VALUES (10, '가방', 3);
insert into category_mid (id, name, parent) VALUES (11, '지갑', 3);
insert into category_mid (id, name, parent) VALUES (12, '시계', 3);
insert into category_mid (id, name, parent) VALUES (13, '모자', 3);
insert into category_mid (id, name, parent) VALUES (14, '안경/선글라스', 3);
insert into category_mid (id, name, parent) VALUES (15, '기타', 3);

insert into category_large (id, name) values (4, '쥬얼리');
insert into category_mid (id, name, parent) VALUES (16, '목걸이', 4);
insert into category_mid (id, name, parent) VALUES (17, '반지', 4);
insert into category_mid (id, name, parent) VALUES (18, '귀걸이/피어싱', 4);
insert into category_mid (id, name, parent) VALUES (19, '팔찌', 4);
insert into category_mid (id, name, parent) VALUES (20, '기타', 4);

insert into member (nickname, password, phone_num, username, image)
values ('mock nickname1', '$2a$10$sw8G4sVnrHzd2rpGQ1GeoulDn3TvSA2N0v6LGGxwc/nGgMxMHZ.QW', '010-1234-5678', 'test1', 'https://imgs.jobkorea.co.kr/img1/_whitebg/200X80/Co_Logo/Logo/2023/9/04/JK_CO_FQEE6hn23090409342563.gif?v=202309231627'),
       ('mock nickname2', '$2a$10$sw8G4sVnrHzd2rpGQ1GeoulDn3TvSA2N0v6LGGxwc/nGgMxMHZ.QW', '010-1234-5678', 'test2', 'https://imgs.jobkorea.co.kr/img1/_whitebg/200X80/Co_Logo/Logo/2023/9/04/JK_CO_FQEE6hn23090409342563.gif?v=202309231627'),
       ('mock nickname3', '$2a$10$sw8G4sVnrHzd2rpGQ1GeoulDn3TvSA2N0v6LGGxwc/nGgMxMHZ.QW', '010-1234-5678', 'test3', 'https://imgs.jobkorea.co.kr/img1/_whitebg/200X80/Co_Logo/Logo/2023/9/04/JK_CO_FQEE6hn23090409342563.gif?v=202309231627');

insert into member (nickname) values ('iksadnorth');
insert into member (nickname) values ('iksadsouth');
insert into member (nickname) values ('iksadeast');
insert into member (nickname) values ('iksadwest');

insert into shop (seller_id, intro, star_avg, name) values (1, 'intro', 0, 'name');
insert into shop (seller_id, intro, star_avg, name) values (2, 'intro', 0, 'name');
insert into shop (seller_id, intro, star_avg, name) values (3, 'intro', 0, 'name');
insert into shop (seller_id, intro, star_avg, name) values (4, 'intro', 0, 'name');
insert into shop (seller_id, intro, star_avg, name) values (5, 'intro', 0, 'name');
insert into shop (seller_id, intro, star_avg, name) values (6, 'intro', 0, 'name');
insert into shop (seller_id, intro, star_avg, name) values (7, 'intro', 0, 'name');

insert into item (created_at, comment, main_image_url, name, price, state, category_mid_id, shop_id) values ('2023-08-27T08:50:02Z', 'Suspendisse ornare consequat lectus.', 'http://dummyimage.com/176x250.png/cc0000/ffffff', 'Coffee - Beans, Whole', 67978, 1, 12, 5);
insert into item (created_at, comment, main_image_url, name, price, state, category_mid_id, shop_id) values ('2023-01-23T08:14:50Z', 'Morbi ut odio.', 'http://dummyimage.com/104x250.png/cc0000/ffffff', 'Spice - Chili Powder Mexican', 28132, 1, 10, 1);
insert into item (created_at, comment, main_image_url, name, price, state, category_mid_id, shop_id) values ('2023-06-08T19:53:21Z', 'Nulla neque libero, convallis eget, eleifend luctus, ultricies eu, nibh.', 'http://dummyimage.com/164x236.png/5fa2dd/ffffff', 'Crackers - Water', 99679, 1, 8, 4);
insert into item (created_at, comment, main_image_url, name, price, state, category_mid_id, shop_id) values ('2023-01-25T15:55:40Z', 'Donec ut mauris eget massa tempor convallis.', 'http://dummyimage.com/128x217.png/ff4444/ffffff', 'Truffle Paste', 35724, 1, 20, 5);
insert into item (created_at, comment, main_image_url, name, price, state, category_mid_id, shop_id) values ('2022-11-11T13:25:39Z', 'Duis consequat dui nec nisi volutpat eleifend.', 'http://dummyimage.com/122x181.png/5fa2dd/ffffff', 'Fennel - Seeds', 47266, 1, 14, 1);
insert into item (created_at, comment, main_image_url, name, price, state, category_mid_id, shop_id) values ('2022-11-01T11:13:55Z', 'In congue.', 'http://dummyimage.com/236x227.png/dddddd/000000', 'Tortillas - Flour, 12', 53400, 1, 15, 2);
insert into item (created_at, comment, main_image_url, name, price, state, category_mid_id, shop_id) values ('2023-09-07T20:04:32Z', 'In est risus, auctor sed, tristique in, tempus sit amet, sem.', 'http://dummyimage.com/119x107.png/ff4444/ffffff', 'Coconut - Shredded, Sweet', 22732, 1, 10, 7);
insert into item (created_at, comment, main_image_url, name, price, state, category_mid_id, shop_id) values ('2023-01-23T03:00:22Z', 'Sed ante.', 'http://dummyimage.com/203x195.png/dddddd/000000', 'Wine - Barolo Fontanafredda', 31454, 1, 9, 5);
insert into item (created_at, comment, main_image_url, name, price, state, category_mid_id, shop_id) values ('2022-12-05T02:47:34Z', 'Integer tincidunt ante vel ipsum.', 'http://dummyimage.com/204x109.png/dddddd/000000', 'Artichoke - Bottom, Canned', 9945, 1, 11, 1);
insert into item (created_at, comment, main_image_url, name, price, state, category_mid_id, shop_id) values ('2022-11-08T05:02:35Z', 'Vivamus in felis eu sapien cursus vestibulum.', 'http://dummyimage.com/179x203.png/ff4444/ffffff', 'Nut - Hazelnut, Whole', 21717, 1, 7, 5);
insert into item (created_at, comment, main_image_url, name, price, state, category_mid_id, shop_id) values ('2023-10-11T03:16:00Z', 'Aliquam sit amet diam in magna bibendum imperdiet.', 'http://dummyimage.com/188x250.png/ff4444/ffffff', 'Phyllo Dough', 96128, 1, 8, 5);
insert into item (created_at, comment, main_image_url, name, price, state, category_mid_id, shop_id) values ('2023-08-15T13:01:50Z', 'Sed sagittis.', 'http://dummyimage.com/249x133.png/ff4444/ffffff', 'Pecan Raisin - Tarts', 48781, 1, 9, 4);
insert into item (created_at, comment, main_image_url, name, price, state, category_mid_id, shop_id) values ('2023-06-21T05:08:23Z', 'Vivamus vestibulum sagittis sapien.', 'http://dummyimage.com/207x107.png/ff4444/ffffff', 'Fish - Artic Char, Cold Smoked', 59610, 1, 6, 7);
insert into item (created_at, comment, main_image_url, name, price, state, category_mid_id, shop_id) values ('2023-02-16T13:44:13Z', 'Integer non velit.', 'http://dummyimage.com/181x101.png/ff4444/ffffff', 'Dasheen', 53574, 1, 3, 7);
insert into item (created_at, comment, main_image_url, name, price, state, category_mid_id, shop_id) values ('2022-11-20T15:59:54Z', 'Cum sociis natoque penatibus et magnis dis parturient montes, nascetur ridiculus mus.', 'http://dummyimage.com/152x134.png/ff4444/ffffff', 'Bar Mix - Lemon', 12885, 1, 16, 2);
insert into item (created_at, comment, main_image_url, name, price, state, category_mid_id, shop_id) values ('2022-12-18T04:57:33Z', 'Donec diam neque, vestibulum eget, vulputate ut, ultrices vel, augue.', 'http://dummyimage.com/249x206.png/cc0000/ffffff', 'Wine - Vovray Sec Domaine Huet', 40438, 1, 10, 6);
insert into item (created_at, comment, main_image_url, name, price, state, category_mid_id, shop_id) values ('2023-08-05T08:30:00Z', 'Suspendisse potenti.', 'http://dummyimage.com/145x213.png/ff4444/ffffff', 'Wine - Carmenere Casillero Del', 53569, 1, 7, 7);
insert into item (created_at, comment, main_image_url, name, price, state, category_mid_id, shop_id) values ('2023-01-11T14:49:42Z', 'Suspendisse ornare consequat lectus.', 'http://dummyimage.com/225x197.png/dddddd/000000', 'Oil - Cooking Spray', 91014, 1, 18, 2);
insert into item (created_at, comment, main_image_url, name, price, state, category_mid_id, shop_id) values ('2022-12-18T06:52:29Z', 'In blandit ultrices enim.', 'http://dummyimage.com/165x166.png/cc0000/ffffff', 'Mustard - Dijon', 63282, 1, 11, 6);
insert into item (created_at, comment, main_image_url, name, price, state, category_mid_id, shop_id) values ('2023-01-09T10:07:01Z', 'Cras mi pede, malesuada in, imperdiet et, commodo vulputate, justo.', 'http://dummyimage.com/134x155.png/dddddd/000000', 'Toothpick Frilled', 32731, 1, 5, 4);
insert into item (created_at, comment, main_image_url, name, price, state, category_mid_id, shop_id) values ('2022-12-16T19:04:02Z', 'Aliquam erat volutpat.', 'http://dummyimage.com/223x174.png/cc0000/ffffff', 'Chervil - Fresh', 75326, 1, 2, 4);
insert into item (created_at, comment, main_image_url, name, price, state, category_mid_id, shop_id) values ('2023-07-20T20:23:45Z', 'Proin leo odio, porttitor id, consequat in, consequat ut, nulla.', 'http://dummyimage.com/213x182.png/cc0000/ffffff', 'Puff Pastry - Sheets', 71663, 1, 5, 7);
insert into item (created_at, comment, main_image_url, name, price, state, category_mid_id, shop_id) values ('2022-12-08T15:33:49Z', 'Mauris sit amet eros.', 'http://dummyimage.com/226x132.png/cc0000/ffffff', 'Extract Vanilla Pure', 30346, 1, 17, 3);
insert into item (created_at, comment, main_image_url, name, price, state, category_mid_id, shop_id) values ('2023-09-17T10:02:06Z', 'Pellentesque eget nunc.', 'http://dummyimage.com/152x221.png/cc0000/ffffff', 'Cheese - Grie Des Champ', 40898, 1, 12, 2);
insert into item (created_at, comment, main_image_url, name, price, state, category_mid_id, shop_id) values ('2023-01-27T16:49:30Z', 'In quis justo.', 'http://dummyimage.com/103x177.png/ff4444/ffffff', 'Syrup - Monin, Swiss Choclate', 29685, 1, 20, 1);
insert into item (created_at, comment, main_image_url, name, price, state, category_mid_id, shop_id) values ('2023-01-05T21:12:57Z', 'Sed ante.', 'http://dummyimage.com/201x192.png/ff4444/ffffff', 'Plasticforkblack', 8691, 1, 6, 3);
insert into item (created_at, comment, main_image_url, name, price, state, category_mid_id, shop_id) values ('2022-11-21T16:32:57Z', 'Maecenas ut massa quis augue luctus tincidunt.', 'http://dummyimage.com/139x183.png/5fa2dd/ffffff', 'Flour - Fast / Rapid', 9543, 1, 17, 4);
insert into item (created_at, comment, main_image_url, name, price, state, category_mid_id, shop_id) values ('2023-03-27T09:49:12Z', 'In blandit ultrices enim.', 'http://dummyimage.com/174x135.png/cc0000/ffffff', 'Spring Roll Veg Mini', 5973, 1, 11, 4);
insert into item (created_at, comment, main_image_url, name, price, state, category_mid_id, shop_id) values ('2023-02-06T01:42:34Z', 'Donec odio justo, sollicitudin ut, suscipit a, feugiat et, eros.', 'http://dummyimage.com/125x147.png/ff4444/ffffff', 'Hog / Sausage Casing - Pork', 23374, 1, 13, 5);
insert into item (created_at, comment, main_image_url, name, price, state, category_mid_id, shop_id) values ('2022-12-26T21:44:39Z', 'Etiam pretium iaculis justo.', 'http://dummyimage.com/177x135.png/cc0000/ffffff', 'Beans - Kidney White', 44380, 1, 11, 6);
insert into item (created_at, comment, main_image_url, name, price, state, category_mid_id, shop_id) values ('2023-09-22T10:28:45Z', 'Vestibulum ac est lacinia nisi venenatis tristique.', 'http://dummyimage.com/113x205.png/ff4444/ffffff', 'Crawfish', 33344, 1, 14, 5);
insert into item (created_at, comment, main_image_url, name, price, state, category_mid_id, shop_id) values ('2023-02-04T12:53:50Z', 'Nulla justo.', 'http://dummyimage.com/148x215.png/dddddd/000000', 'Nougat - Paste / Cream', 23997, 1, 19, 6);
insert into item (created_at, comment, main_image_url, name, price, state, category_mid_id, shop_id) values ('2023-03-29T12:52:09Z', 'Morbi porttitor lorem id ligula.', 'http://dummyimage.com/159x159.png/dddddd/000000', 'Bay Leaf', 68722, 1, 20, 1);
insert into item (created_at, comment, main_image_url, name, price, state, category_mid_id, shop_id) values ('2023-02-15T16:27:56Z', 'Praesent blandit.', 'http://dummyimage.com/176x210.png/5fa2dd/ffffff', 'Wine - Cava Aria Estate Brut', 30063, 1, 10, 6);
insert into item (created_at, comment, main_image_url, name, price, state, category_mid_id, shop_id) values ('2022-12-09T18:22:26Z', 'Integer ac neque.', 'http://dummyimage.com/199x204.png/ff4444/ffffff', 'Wine - Trimbach Pinot Blanc', 53275, 1, 16, 3);
insert into item (created_at, comment, main_image_url, name, price, state, category_mid_id, shop_id) values ('2023-06-09T14:24:46Z', 'Vestibulum rutrum rutrum neque.', 'http://dummyimage.com/165x218.png/dddddd/000000', 'Tomato - Plum With Basil', 99587, 1, 9, 6);
insert into item (created_at, comment, main_image_url, name, price, state, category_mid_id, shop_id) values ('2023-01-15T12:08:53Z', 'Nulla neque libero, convallis eget, eleifend luctus, ultricies eu, nibh.', 'http://dummyimage.com/185x120.png/dddddd/000000', 'Flower - Daisies', 85841, 1, 2, 5);
insert into item (created_at, comment, main_image_url, name, price, state, category_mid_id, shop_id) values ('2022-11-28T07:10:29Z', 'Proin leo odio, porttitor id, consequat in, consequat ut, nulla.', 'http://dummyimage.com/206x245.png/5fa2dd/ffffff', 'Paper Towel Touchless', 91353, 1, 9, 6);
insert into item (created_at, comment, main_image_url, name, price, state, category_mid_id, shop_id) values ('2023-05-15T09:44:24Z', 'Nullam porttitor lacus at turpis.', 'http://dummyimage.com/123x225.png/ff4444/ffffff', 'Olives - Black, Pitted', 85389, 1, 4, 2);
insert into item (created_at, comment, main_image_url, name, price, state, category_mid_id, shop_id) values ('2022-12-28T01:20:33Z', 'Ut at dolor quis odio consequat varius.', 'http://dummyimage.com/114x227.png/5fa2dd/ffffff', 'Marjoram - Fresh', 96258, 1, 13, 4);
insert into item (created_at, comment, main_image_url, name, price, state, category_mid_id, shop_id) values ('2023-01-30T16:41:13Z', 'Quisque ut erat.', 'http://dummyimage.com/136x145.png/ff4444/ffffff', 'Ham - Cooked Bayonne Tinned', 9278, 1, 20, 4);
insert into item (created_at, comment, main_image_url, name, price, state, category_mid_id, shop_id) values ('2022-10-15T02:03:47Z', 'Aliquam quis turpis eget elit sodales scelerisque.', 'http://dummyimage.com/161x167.png/dddddd/000000', 'Melon - Watermelon Yellow', 78065, 1, 16, 2);
insert into item (created_at, comment, main_image_url, name, price, state, category_mid_id, shop_id) values ('2023-04-28T03:52:53Z', 'Cum sociis natoque penatibus et magnis dis parturient montes, nascetur ridiculus mus.', 'http://dummyimage.com/150x129.png/cc0000/ffffff', 'Wine - Mas Chicet Rose, Vintage', 21715, 1, 17, 6);
insert into item (created_at, comment, main_image_url, name, price, state, category_mid_id, shop_id) values ('2023-03-23T01:23:09Z', 'Maecenas pulvinar lobortis est.', 'http://dummyimage.com/119x224.png/ff4444/ffffff', 'Arizona - Plum Green Tea', 5912, 1, 16, 4);
insert into item (created_at, comment, main_image_url, name, price, state, category_mid_id, shop_id) values ('2023-07-09T12:57:25Z', 'In quis justo.', 'http://dummyimage.com/229x250.png/cc0000/ffffff', 'Veal - Inside, Choice', 95515, 1, 3, 3);
insert into item (created_at, comment, main_image_url, name, price, state, category_mid_id, shop_id) values ('2023-07-06T17:00:06Z', 'Integer a nibh.', 'http://dummyimage.com/161x171.png/5fa2dd/ffffff', 'Yoplait Drink', 63370, 1, 10, 2);
insert into item (created_at, comment, main_image_url, name, price, state, category_mid_id, shop_id) values ('2023-07-31T10:25:16Z', 'Maecenas tristique, est et tempus semper, est quam pharetra magna, ac consequat metus sapien ut nunc.', 'http://dummyimage.com/152x243.png/5fa2dd/ffffff', 'Broom And Brush Rack Black', 2576, 1, 19, 2);
insert into item (created_at, comment, main_image_url, name, price, state, category_mid_id, shop_id) values ('2022-12-16T08:55:29Z', 'Ut at dolor quis odio consequat varius.', 'http://dummyimage.com/189x205.png/5fa2dd/ffffff', 'Pasta - Detalini, White, Fresh', 44758, 1, 15, 2);
insert into item (created_at, comment, main_image_url, name, price, state, category_mid_id, shop_id) values ('2023-01-21T09:56:25Z', 'Vestibulum ante ipsum primis in faucibus orci luctus et ultrices posuere cubilia Curae; Nulla dapibus dolor vel est.', 'http://dummyimage.com/246x249.png/cc0000/ffffff', 'Fuji Apples', 77903, 1, 14, 2);
insert into item (created_at, comment, main_image_url, name, price, state, category_mid_id, shop_id) values ('2023-02-03T16:23:30Z', 'In sagittis dui vel nisl.', 'http://dummyimage.com/141x210.png/ff4444/ffffff', 'Gatorade - Orange', 9163, 1, 20, 2);
insert into item (created_at, comment, main_image_url, name, price, state, category_mid_id, shop_id) values ('2023-09-23T00:36:13Z', 'Suspendisse accumsan tortor quis turpis.', 'http://dummyimage.com/202x212.png/5fa2dd/ffffff', 'Ice Cream - Fudge Bars', 22414, 1, 13, 7);
insert into item (created_at, comment, main_image_url, name, price, state, category_mid_id, shop_id) values ('2023-05-19T13:41:52Z', 'Morbi sem mauris, laoreet ut, rhoncus aliquet, pulvinar sed, nisl.', 'http://dummyimage.com/216x152.png/ff4444/ffffff', 'Dooleys Toffee', 54139, 1, 6, 1);
insert into item (created_at, comment, main_image_url, name, price, state, category_mid_id, shop_id) values ('2023-07-18T00:18:22Z', 'Pellentesque eget nunc.', 'http://dummyimage.com/150x116.png/ff4444/ffffff', 'Coffee - Dark Roast', 38917, 1, 14, 2);
insert into item (created_at, comment, main_image_url, name, price, state, category_mid_id, shop_id) values ('2023-01-28T20:59:06Z', 'Nam ultrices, libero non mattis pulvinar, nulla pede ullamcorper augue, a suscipit nulla elit ac nulla.', 'http://dummyimage.com/182x165.png/cc0000/ffffff', 'Cake - Bande Of Fruit', 96304, 1, 6, 5);
insert into item (created_at, comment, main_image_url, name, price, state, category_mid_id, shop_id) values ('2023-03-27T15:19:30Z', 'Donec ut dolor.', 'http://dummyimage.com/227x187.png/5fa2dd/ffffff', 'Oats Large Flake', 91626, 1, 15, 7);
insert into item (created_at, comment, main_image_url, name, price, state, category_mid_id, shop_id) values ('2022-11-04T21:17:18Z', 'Maecenas tincidunt lacus at velit.', 'http://dummyimage.com/180x200.png/cc0000/ffffff', 'Compound - Mocha', 95457, 1, 13, 4);
insert into item (created_at, comment, main_image_url, name, price, state, category_mid_id, shop_id) values ('2023-03-16T23:36:12Z', 'Vestibulum ante ipsum primis in faucibus orci luctus et ultrices posuere cubilia Curae; Nulla dapibus dolor vel est.', 'http://dummyimage.com/207x167.png/5fa2dd/ffffff', 'Ham - Proscuitto', 78348, 1, 9, 2);
insert into item (created_at, comment, main_image_url, name, price, state, category_mid_id, shop_id) values ('2023-08-06T12:33:07Z', 'Aenean lectus.', 'http://dummyimage.com/185x220.png/cc0000/ffffff', 'Tomato Puree', 12839, 1, 16, 7);
insert into item (created_at, comment, main_image_url, name, price, state, category_mid_id, shop_id) values ('2023-08-22T07:38:50Z', 'Integer a nibh.', 'http://dummyimage.com/129x175.png/5fa2dd/ffffff', 'Oil - Avocado', 88629, 1, 17, 4);
insert into item (created_at, comment, main_image_url, name, price, state, category_mid_id, shop_id) values ('2023-02-25T13:29:33Z', 'Fusce congue, diam id ornare imperdiet, sapien urna pretium nisl, ut volutpat sapien arcu sed augue.', 'http://dummyimage.com/190x121.png/ff4444/ffffff', 'Apple - Delicious, Red', 98388, 1, 9, 2);
insert into item (created_at, comment, main_image_url, name, price, state, category_mid_id, shop_id) values ('2022-12-01T16:18:22Z', 'Maecenas rhoncus aliquam lacus.', 'http://dummyimage.com/225x159.png/5fa2dd/ffffff', 'Melon - Honey Dew', 50732, 1, 20, 6);
insert into item (created_at, comment, main_image_url, name, price, state, category_mid_id, shop_id) values ('2023-05-01T14:51:15Z', 'Vestibulum ante ipsum primis in faucibus orci luctus et ultrices posuere cubilia Curae; Nulla dapibus dolor vel est.', 'http://dummyimage.com/138x136.png/cc0000/ffffff', 'Beef - Short Ribs', 12676, 1, 8, 4);
insert into item (created_at, comment, main_image_url, name, price, state, category_mid_id, shop_id) values ('2023-09-27T11:38:22Z', 'Morbi vel lectus in quam fringilla rhoncus.', 'http://dummyimage.com/248x230.png/dddddd/000000', 'Wine - Red, Cabernet Merlot', 98741, 1, 9, 2);
insert into item (created_at, comment, main_image_url, name, price, state, category_mid_id, shop_id) values ('2023-04-11T11:30:58Z', 'Integer ac leo.', 'http://dummyimage.com/115x213.png/ff4444/ffffff', 'Salt - Seasoned', 46691, 1, 8, 2);
insert into item (created_at, comment, main_image_url, name, price, state, category_mid_id, shop_id) values ('2023-05-04T01:32:53Z', 'In congue.', 'http://dummyimage.com/116x181.png/dddddd/000000', 'Shark - Loin', 46468, 1, 14, 5);
insert into item (created_at, comment, main_image_url, name, price, state, category_mid_id, shop_id) values ('2023-07-11T20:45:31Z', 'Etiam vel augue.', 'http://dummyimage.com/125x185.png/dddddd/000000', 'Napkin Colour', 45259, 1, 3, 5);
insert into item (created_at, comment, main_image_url, name, price, state, category_mid_id, shop_id) values ('2023-02-12T15:35:18Z', 'Integer pede justo, lacinia eget, tincidunt eget, tempus vel, pede.', 'http://dummyimage.com/174x229.png/dddddd/000000', 'Laundry - Bag Cloth', 84473, 1, 8, 3);
insert into item (created_at, comment, main_image_url, name, price, state, category_mid_id, shop_id) values ('2023-06-29T14:36:26Z', 'Curabitur gravida nisi at nibh.', 'http://dummyimage.com/155x119.png/ff4444/ffffff', 'Bread - Hamburger Buns', 35667, 1, 7, 5);
insert into item (created_at, comment, main_image_url, name, price, state, category_mid_id, shop_id) values ('2023-03-09T21:51:09Z', 'Curabitur at ipsum ac tellus semper interdum.', 'http://dummyimage.com/153x154.png/ff4444/ffffff', 'Juice - Cranberry, 341 Ml', 68887, 1, 20, 4);
insert into item (created_at, comment, main_image_url, name, price, state, category_mid_id, shop_id) values ('2023-07-24T03:54:49Z', 'Cras pellentesque volutpat dui.', 'http://dummyimage.com/164x218.png/ff4444/ffffff', 'Turkey - Breast, Double', 43019, 1, 14, 3);
insert into item (created_at, comment, main_image_url, name, price, state, category_mid_id, shop_id) values ('2023-04-14T00:21:15Z', 'Aenean lectus.', 'http://dummyimage.com/217x129.png/ff4444/ffffff', 'Venison - Racks Frenched', 82647, 1, 7, 3);
insert into item (created_at, comment, main_image_url, name, price, state, category_mid_id, shop_id) values ('2023-07-12T10:17:46Z', 'Nam dui.', 'http://dummyimage.com/179x102.png/5fa2dd/ffffff', 'Flour - Strong Pizza', 25030, 1, 2, 2);
insert into item (created_at, comment, main_image_url, name, price, state, category_mid_id, shop_id) values ('2023-06-29T20:10:34Z', 'In tempor, turpis nec euismod scelerisque, quam turpis adipiscing lorem, vitae mattis nibh ligula nec sem.', 'http://dummyimage.com/157x103.png/ff4444/ffffff', 'Wine - Manischewitz Concord', 31615, 1, 1, 6);
insert into item (created_at, comment, main_image_url, name, price, state, category_mid_id, shop_id) values ('2023-01-29T06:46:00Z', 'Nullam porttitor lacus at turpis.', 'http://dummyimage.com/225x170.png/dddddd/000000', 'Carbonated Water - Peach', 57097, 1, 12, 4);
insert into item (created_at, comment, main_image_url, name, price, state, category_mid_id, shop_id) values ('2022-11-16T12:44:59Z', 'Morbi odio odio, elementum eu, interdum eu, tincidunt in, leo.', 'http://dummyimage.com/104x123.png/ff4444/ffffff', 'Green Tea Refresher', 89483, 1, 19, 3);
insert into item (created_at, comment, main_image_url, name, price, state, category_mid_id, shop_id) values ('2023-07-15T08:48:55Z', 'Vestibulum ante ipsum primis in faucibus orci luctus et ultrices posuere cubilia Curae; Nulla dapibus dolor vel est.', 'http://dummyimage.com/177x126.png/cc0000/ffffff', 'Muffin Mix - Chocolate Chip', 92304, 1, 14, 4);
insert into item (created_at, comment, main_image_url, name, price, state, category_mid_id, shop_id) values ('2023-07-06T09:24:18Z', 'Nulla tellus.', 'http://dummyimage.com/169x201.png/5fa2dd/ffffff', 'Lamb - Whole, Fresh', 92498, 1, 3, 7);
insert into item (created_at, comment, main_image_url, name, price, state, category_mid_id, shop_id) values ('2023-07-01T01:57:06Z', 'Maecenas pulvinar lobortis est.', 'http://dummyimage.com/148x187.png/dddddd/000000', 'Cheese - Cottage Cheese', 85972, 1, 4, 5);
insert into item (created_at, comment, main_image_url, name, price, state, category_mid_id, shop_id) values ('2022-11-13T05:30:53Z', 'Proin leo odio, porttitor id, consequat in, consequat ut, nulla.', 'http://dummyimage.com/188x167.png/cc0000/ffffff', 'Chinese Foods - Thick Noodles', 32937, 1, 4, 3);
insert into item (created_at, comment, main_image_url, name, price, state, category_mid_id, shop_id) values ('2023-09-07T09:06:35Z', 'Nulla nisl.', 'http://dummyimage.com/174x209.png/cc0000/ffffff', 'Veal - Inside Round / Top, Lean', 75592, 1, 12, 7);
insert into item (created_at, comment, main_image_url, name, price, state, category_mid_id, shop_id) values ('2023-05-24T04:37:30Z', 'Nam dui.', 'http://dummyimage.com/112x240.png/ff4444/ffffff', 'Wine - Vidal Icewine Magnotta', 54573, 1, 4, 4);
insert into item (created_at, comment, main_image_url, name, price, state, category_mid_id, shop_id) values ('2023-06-29T05:09:33Z', 'Maecenas tristique, est et tempus semper, est quam pharetra magna, ac consequat metus sapien ut nunc.', 'http://dummyimage.com/194x239.png/ff4444/ffffff', 'Wine - Alsace Riesling Reserve', 54859, 1, 3, 6);
insert into item (created_at, comment, main_image_url, name, price, state, category_mid_id, shop_id) values ('2023-02-26T03:29:19Z', 'Morbi sem mauris, laoreet ut, rhoncus aliquet, pulvinar sed, nisl.', 'http://dummyimage.com/103x249.png/ff4444/ffffff', 'Wine - Trimbach Pinot Blanc', 87118, 1, 5, 6);
insert into item (created_at, comment, main_image_url, name, price, state, category_mid_id, shop_id) values ('2023-06-04T06:22:42Z', 'Nam dui.', 'http://dummyimage.com/231x123.png/5fa2dd/ffffff', 'Pork - Side Ribs', 45328, 1, 6, 1);
insert into item (created_at, comment, main_image_url, name, price, state, category_mid_id, shop_id) values ('2022-11-28T15:01:05Z', 'Phasellus in felis.', 'http://dummyimage.com/202x156.png/5fa2dd/ffffff', 'Beans - Green', 31191, 1, 20, 2);
insert into item (created_at, comment, main_image_url, name, price, state, category_mid_id, shop_id) values ('2023-03-25T11:18:45Z', 'Vivamus tortor.', 'http://dummyimage.com/204x177.png/cc0000/ffffff', 'Coconut - Shredded, Unsweet', 83510, 1, 9, 7);
insert into item (created_at, comment, main_image_url, name, price, state, category_mid_id, shop_id) values ('2023-08-28T13:33:22Z', 'Curabitur gravida nisi at nibh.', 'http://dummyimage.com/212x159.png/ff4444/ffffff', 'Cake - Mini Cheesecake', 44452, 1, 5, 2);
insert into item (created_at, comment, main_image_url, name, price, state, category_mid_id, shop_id) values ('2022-11-18T08:07:40Z', 'Sed sagittis.', 'http://dummyimage.com/219x177.png/dddddd/000000', 'Salt - Table', 37652, 1, 13, 4);
insert into item (created_at, comment, main_image_url, name, price, state, category_mid_id, shop_id) values ('2023-09-10T10:59:59Z', 'Donec posuere metus vitae ipsum.', 'http://dummyimage.com/233x192.png/ff4444/ffffff', 'Rice - Brown', 72943, 1, 14, 2);
insert into item (created_at, comment, main_image_url, name, price, state, category_mid_id, shop_id) values ('2023-08-13T16:56:14Z', 'Pellentesque viverra pede ac diam.', 'http://dummyimage.com/230x100.png/ff4444/ffffff', 'The Pop Shoppe - Cream Soda', 15717, 1, 7, 4);
insert into item (created_at, comment, main_image_url, name, price, state, category_mid_id, shop_id) values ('2023-04-21T15:10:58Z', 'Quisque porta volutpat erat.', 'http://dummyimage.com/130x244.png/5fa2dd/ffffff', 'Wine - Lou Black Shiraz', 19350, 1, 19, 7);
insert into item (created_at, comment, main_image_url, name, price, state, category_mid_id, shop_id) values ('2023-01-03T20:35:07Z', 'Curabitur in libero ut massa volutpat convallis.', 'http://dummyimage.com/245x214.png/dddddd/000000', 'Flour - Fast / Rapid', 68740, 1, 6, 3);
insert into item (created_at, comment, main_image_url, name, price, state, category_mid_id, shop_id) values ('2023-02-08T18:42:58Z', 'Vivamus tortor.', 'http://dummyimage.com/168x137.png/dddddd/000000', 'Beans - Fine', 71288, 1, 16, 6);
insert into item (created_at, comment, main_image_url, name, price, state, category_mid_id, shop_id) values ('2023-08-11T02:48:19Z', 'Etiam vel augue.', 'http://dummyimage.com/105x106.png/cc0000/ffffff', 'Shrimp - 16/20, Peeled Deviened', 57672, 1, 9, 3);
insert into item (created_at, comment, main_image_url, name, price, state, category_mid_id, shop_id) values ('2023-03-15T23:18:05Z', 'Duis bibendum, felis sed interdum venenatis, turpis enim blandit mi, in porttitor pede justo eu massa.', 'http://dummyimage.com/175x146.png/5fa2dd/ffffff', 'Pork - Butt, Boneless', 70476, 1, 14, 4);
insert into item (created_at, comment, main_image_url, name, price, state, category_mid_id, shop_id) values ('2022-10-31T01:39:14Z', 'Nam dui.', 'http://dummyimage.com/209x231.png/5fa2dd/ffffff', 'Croissant, Raw - Mini', 44077, 1, 6, 4);
insert into item (created_at, comment, main_image_url, name, price, state, category_mid_id, shop_id) values ('2023-09-13T04:32:00Z', 'Morbi ut odio.', 'http://dummyimage.com/229x209.png/5fa2dd/ffffff', 'Monkfish - Fresh', 59427, 1, 18, 6);
insert into item (created_at, comment, main_image_url, name, price, state, category_mid_id, shop_id) values ('2023-02-27T09:59:18Z', 'Vestibulum ante ipsum primis in faucibus orci luctus et ultrices posuere cubilia Curae; Mauris viverra diam vitae quam.', 'http://dummyimage.com/219x106.png/dddddd/000000', 'Wine - Alsace Gewurztraminer', 4239, 1, 11, 4);
insert into item (created_at, comment, main_image_url, name, price, state, category_mid_id, shop_id) values ('2023-04-05T06:08:06Z', 'Morbi vel lectus in quam fringilla rhoncus.', 'http://dummyimage.com/185x117.png/dddddd/000000', 'Juice - Orange 1.89l', 20645, 1, 10, 4);
insert into item (created_at, comment, main_image_url, name, price, state, category_mid_id, shop_id) values ('2023-09-07T18:33:02Z', 'Vestibulum ac est lacinia nisi venenatis tristique.', 'http://dummyimage.com/146x193.png/ff4444/ffffff', 'Jagermeister', 25569, 1, 20, 6);
insert into item (created_at, comment, main_image_url, name, price, state, category_mid_id, shop_id) values ('2023-04-01T16:31:34Z', 'Maecenas ut massa quis augue luctus tincidunt.', 'http://dummyimage.com/227x173.png/ff4444/ffffff', 'Pastry - Raisin Muffin - Mini', 22031, 1, 4, 1);
insert into item (created_at, comment, main_image_url, name, price, state, category_mid_id, shop_id) values ('2023-06-04T21:07:49Z', 'Donec ut dolor.', 'http://dummyimage.com/197x228.png/cc0000/ffffff', 'Pepperoni Slices', 60065, 1, 1, 3);
insert into item (created_at, comment, main_image_url, name, price, state, category_mid_id, shop_id) values ('2023-10-03T19:00:57Z', 'Sed sagittis.', 'http://dummyimage.com/217x165.png/5fa2dd/ffffff', 'Plaintain', 46729, 1, 13, 5);
insert into item (created_at, comment, main_image_url, name, price, state, category_mid_id, shop_id) values ('2023-07-30T22:35:38Z', 'Pellentesque ultrices mattis odio.', 'http://dummyimage.com/135x237.png/5fa2dd/ffffff', 'Southern Comfort', 24926, 1, 19, 2);
insert into item (created_at, comment, main_image_url, name, price, state, category_mid_id, shop_id) values ('2023-02-16T07:36:13Z', 'Nulla justo.', 'http://dummyimage.com/102x207.png/ff4444/ffffff', 'Croissant, Raw - Mini', 95341, 1, 5, 4);
insert into item (created_at, comment, main_image_url, name, price, state, category_mid_id, shop_id) values ('2023-04-04T06:16:09Z', 'Proin interdum mauris non ligula pellentesque ultrices.', 'http://dummyimage.com/221x217.png/ff4444/ffffff', 'Wine - Crozes Hermitage E.', 95770, 1, 2, 4);
insert into item (created_at, comment, main_image_url, name, price, state, category_mid_id, shop_id) values ('2023-10-05T21:22:44Z', 'In hac habitasse platea dictumst.', 'http://dummyimage.com/110x148.png/ff4444/ffffff', 'Mushroom - Portebello', 85060, 1, 7, 1);
insert into item (created_at, comment, main_image_url, name, price, state, category_mid_id, shop_id) values ('2023-05-30T03:41:10Z', 'Quisque erat eros, viverra eget, congue eget, semper rutrum, nulla.', 'http://dummyimage.com/227x213.png/ff4444/ffffff', 'Star Fruit', 43618, 1, 6, 5);
insert into item (created_at, comment, main_image_url, name, price, state, category_mid_id, shop_id) values ('2023-05-30T14:08:11Z', 'Curabitur convallis.', 'http://dummyimage.com/103x178.png/dddddd/000000', 'Beer - Pilsner Urquell', 61598, 1, 12, 3);
insert into item (created_at, comment, main_image_url, name, price, state, category_mid_id, shop_id) values ('2023-07-30T14:03:30Z', 'Nulla facilisi.', 'http://dummyimage.com/249x117.png/dddddd/000000', 'Pasta - Canelloni', 58097, 1, 6, 6);
insert into item (created_at, comment, main_image_url, name, price, state, category_mid_id, shop_id) values ('2023-07-12T02:55:20Z', 'Vestibulum ac est lacinia nisi venenatis tristique.', 'http://dummyimage.com/103x238.png/dddddd/000000', 'Tofu - Firm', 41850, 1, 7, 3);
insert into item (created_at, comment, main_image_url, name, price, state, category_mid_id, shop_id) values ('2023-08-18T17:40:24Z', 'Curabitur gravida nisi at nibh.', 'http://dummyimage.com/217x215.png/ff4444/ffffff', 'Aspic - Clear', 23131, 1, 10, 6);
insert into item (created_at, comment, main_image_url, name, price, state, category_mid_id, shop_id) values ('2023-02-06T10:26:17Z', 'Vestibulum quam sapien, varius ut, blandit non, interdum in, ante.', 'http://dummyimage.com/215x237.png/5fa2dd/ffffff', 'Sprite, Diet - 355ml', 6771, 1, 15, 7);
insert into item (created_at, comment, main_image_url, name, price, state, category_mid_id, shop_id) values ('2023-02-08T13:23:20Z', 'Nam ultrices, libero non mattis pulvinar, nulla pede ullamcorper augue, a suscipit nulla elit ac nulla.', 'http://dummyimage.com/157x139.png/ff4444/ffffff', 'Chicken - Base, Ultimate', 31305, 1, 1, 1);
insert into item (created_at, comment, main_image_url, name, price, state, category_mid_id, shop_id) values ('2023-04-10T01:54:41Z', 'In est risus, auctor sed, tristique in, tempus sit amet, sem.', 'http://dummyimage.com/247x146.png/ff4444/ffffff', 'Pasta - Penne Primavera, Single', 31423, 1, 5, 7);
insert into item (created_at, comment, main_image_url, name, price, state, category_mid_id, shop_id) values ('2023-05-26T20:24:40Z', 'Ut at dolor quis odio consequat varius.', 'http://dummyimage.com/106x189.png/5fa2dd/ffffff', 'Nut - Pine Nuts, Whole', 42098, 1, 11, 5);
insert into item (created_at, comment, main_image_url, name, price, state, category_mid_id, shop_id) values ('2023-07-11T02:25:11Z', 'In hac habitasse platea dictumst.', 'http://dummyimage.com/205x111.png/5fa2dd/ffffff', 'Cakes Assorted', 44492, 1, 19, 1);
insert into item (created_at, comment, main_image_url, name, price, state, category_mid_id, shop_id) values ('2022-11-29T23:52:58Z', 'Praesent id massa id nisl venenatis lacinia.', 'http://dummyimage.com/241x160.png/cc0000/ffffff', 'Butter Balls Salted', 7120, 1, 13, 1);
insert into item (created_at, comment, main_image_url, name, price, state, category_mid_id, shop_id) values ('2022-11-17T06:32:56Z', 'Maecenas tincidunt lacus at velit.', 'http://dummyimage.com/110x241.png/ff4444/ffffff', 'Alize Sunset', 69133, 1, 13, 5);
insert into item (created_at, comment, main_image_url, name, price, state, category_mid_id, shop_id) values ('2023-10-11T10:05:09Z', 'Aenean lectus.', 'http://dummyimage.com/166x116.png/cc0000/ffffff', 'Cape Capensis - Fillet', 60964, 1, 9, 7);
insert into item (created_at, comment, main_image_url, name, price, state, category_mid_id, shop_id) values ('2023-07-04T05:08:19Z', 'Mauris enim leo, rhoncus sed, vestibulum sit amet, cursus id, turpis.', 'http://dummyimage.com/114x197.png/dddddd/000000', 'Ginsing - Fresh', 16733, 1, 9, 6);
insert into item (created_at, comment, main_image_url, name, price, state, category_mid_id, shop_id) values ('2023-08-13T07:09:52Z', 'Nulla suscipit ligula in lacus.', 'http://dummyimage.com/208x100.png/5fa2dd/ffffff', 'Fish - Artic Char, Cold Smoked', 36699, 1, 6, 4);
insert into item (created_at, comment, main_image_url, name, price, state, category_mid_id, shop_id) values ('2023-09-10T17:49:37Z', 'Vivamus vel nulla eget eros elementum pellentesque.', 'http://dummyimage.com/222x214.png/dddddd/000000', 'Bread Base - Gold Formel', 12567, 1, 10, 3);
insert into item (created_at, comment, main_image_url, name, price, state, category_mid_id, shop_id) values ('2022-12-24T12:57:38Z', 'Aliquam erat volutpat.', 'http://dummyimage.com/190x226.png/dddddd/000000', 'Wine - Savigny - Les - Beaune', 50629, 1, 20, 2);
insert into item (created_at, comment, main_image_url, name, price, state, category_mid_id, shop_id) values ('2023-01-16T06:16:03Z', 'Phasellus in felis.', 'http://dummyimage.com/175x154.png/5fa2dd/ffffff', 'Grapes - Black', 60539, 1, 6, 5);
insert into item (created_at, comment, main_image_url, name, price, state, category_mid_id, shop_id) values ('2023-09-02T01:38:42Z', 'Curabitur at ipsum ac tellus semper interdum.', 'http://dummyimage.com/156x250.png/cc0000/ffffff', 'Cake Circle, Foil, Scallop', 77805, 1, 2, 6);
insert into item (created_at, comment, main_image_url, name, price, state, category_mid_id, shop_id) values ('2023-03-24T17:18:02Z', 'Maecenas rhoncus aliquam lacus.', 'http://dummyimage.com/195x228.png/dddddd/000000', 'Higashimaru Usukuchi Soy', 19889, 1, 19, 6);
insert into item (created_at, comment, main_image_url, name, price, state, category_mid_id, shop_id) values ('2022-11-24T02:25:46Z', 'Nam ultrices, libero non mattis pulvinar, nulla pede ullamcorper augue, a suscipit nulla elit ac nulla.', 'http://dummyimage.com/121x128.png/cc0000/ffffff', 'Soda Water - Club Soda, 355 Ml', 1363, 1, 7, 3);
insert into item (created_at, comment, main_image_url, name, price, state, category_mid_id, shop_id) values ('2023-02-02T14:52:27Z', 'Duis at velit eu est congue elementum.', 'http://dummyimage.com/223x101.png/5fa2dd/ffffff', 'Beans - Navy, Dry', 40395, 1, 14, 3);
insert into item (created_at, comment, main_image_url, name, price, state, category_mid_id, shop_id) values ('2023-04-09T10:37:11Z', 'Donec posuere metus vitae ipsum.', 'http://dummyimage.com/108x205.png/dddddd/000000', 'Mushroom - Porcini, Dry', 2834, 1, 6, 2);
insert into item (created_at, comment, main_image_url, name, price, state, category_mid_id, shop_id) values ('2022-10-29T00:11:06Z', 'Mauris ullamcorper purus sit amet nulla.', 'http://dummyimage.com/101x209.png/ff4444/ffffff', 'Longos - Chicken Cordon Bleu', 86528, 1, 19, 5);
insert into item (created_at, comment, main_image_url, name, price, state, category_mid_id, shop_id) values ('2023-09-14T01:06:07Z', 'Nulla neque libero, convallis eget, eleifend luctus, ultricies eu, nibh.', 'http://dummyimage.com/234x157.png/5fa2dd/ffffff', 'Spinach - Spinach Leaf', 68570, 1, 19, 7);
insert into item (created_at, comment, main_image_url, name, price, state, category_mid_id, shop_id) values ('2023-07-29T13:11:07Z', 'Maecenas ut massa quis augue luctus tincidunt.', 'http://dummyimage.com/139x230.png/ff4444/ffffff', 'Muffin Carrot - Individual', 63023, 1, 6, 3);
insert into item (created_at, comment, main_image_url, name, price, state, category_mid_id, shop_id) values ('2023-01-01T12:49:34Z', 'Vestibulum ante ipsum primis in faucibus orci luctus et ultrices posuere cubilia Curae; Duis faucibus accumsan odio.', 'http://dummyimage.com/235x205.png/dddddd/000000', 'Soho Lychee Liqueur', 50953, 1, 2, 1);
insert into item (created_at, comment, main_image_url, name, price, state, category_mid_id, shop_id) values ('2023-07-16T20:22:51Z', 'Vestibulum sed magna at nunc commodo placerat.', 'http://dummyimage.com/136x181.png/dddddd/000000', 'Sobe - Lizard Fuel', 82341, 1, 15, 4);
insert into item (created_at, comment, main_image_url, name, price, state, category_mid_id, shop_id) values ('2023-06-08T20:43:02Z', 'Nam ultrices, libero non mattis pulvinar, nulla pede ullamcorper augue, a suscipit nulla elit ac nulla.', 'http://dummyimage.com/127x109.png/cc0000/ffffff', 'Oil - Safflower', 10994, 1, 2, 3);
insert into item (created_at, comment, main_image_url, name, price, state, category_mid_id, shop_id) values ('2023-10-10T08:22:21Z', 'Donec quis orci eget orci vehicula condimentum.', 'http://dummyimage.com/183x102.png/5fa2dd/ffffff', 'Flour - Whole Wheat', 22885, 1, 12, 4);
insert into item (created_at, comment, main_image_url, name, price, state, category_mid_id, shop_id) values ('2023-07-18T11:29:51Z', 'Quisque erat eros, viverra eget, congue eget, semper rutrum, nulla.', 'http://dummyimage.com/250x198.png/cc0000/ffffff', 'Oil - Safflower', 29282, 1, 5, 6);
insert into item (created_at, comment, main_image_url, name, price, state, category_mid_id, shop_id) values ('2023-03-16T17:01:04Z', 'Duis consequat dui nec nisi volutpat eleifend.', 'http://dummyimage.com/219x181.png/5fa2dd/ffffff', 'Chicken - White Meat, No Tender', 41385, 1, 9, 2);
insert into item (created_at, comment, main_image_url, name, price, state, category_mid_id, shop_id) values ('2022-10-20T01:05:04Z', 'Aliquam augue quam, sollicitudin vitae, consectetuer eget, rutrum at, lorem.', 'http://dummyimage.com/203x220.png/dddddd/000000', 'Straws - Cocktale', 90350, 1, 3, 4);
insert into item (created_at, comment, main_image_url, name, price, state, category_mid_id, shop_id) values ('2023-04-13T21:42:29Z', 'Cras non velit nec nisi vulputate nonummy.', 'http://dummyimage.com/118x120.png/cc0000/ffffff', 'Squeeze Bottle', 53317, 1, 10, 7);
insert into item (created_at, comment, main_image_url, name, price, state, category_mid_id, shop_id) values ('2023-01-13T17:56:36Z', 'Phasellus sit amet erat.', 'http://dummyimage.com/152x215.png/dddddd/000000', 'Cup - Translucent 7 Oz Clear', 33636, 1, 12, 6);
insert into item (created_at, comment, main_image_url, name, price, state, category_mid_id, shop_id) values ('2023-10-12T10:28:53Z', 'Vestibulum ac est lacinia nisi venenatis tristique.', 'http://dummyimage.com/110x210.png/cc0000/ffffff', 'Wine - Zonnebloem Pinotage', 96781, 1, 1, 7);
insert into item (created_at, comment, main_image_url, name, price, state, category_mid_id, shop_id) values ('2023-03-09T22:38:24Z', 'Pellentesque at nulla.', 'http://dummyimage.com/145x208.png/cc0000/ffffff', 'Bouq All Italian - Primerba', 64151, 1, 9, 7);
insert into item (created_at, comment, main_image_url, name, price, state, category_mid_id, shop_id) values ('2023-06-01T19:38:24Z', 'Suspendisse potenti.', 'http://dummyimage.com/250x182.png/ff4444/ffffff', 'Flour - Strong', 6561, 1, 5, 1);
insert into item (created_at, comment, main_image_url, name, price, state, category_mid_id, shop_id) values ('2023-10-08T17:34:08Z', 'Vivamus metus arcu, adipiscing molestie, hendrerit at, vulputate vitae, nisl.', 'http://dummyimage.com/120x140.png/dddddd/000000', 'Scallops - 20/30', 61137, 1, 2, 3);
insert into item (created_at, comment, main_image_url, name, price, state, category_mid_id, shop_id) values ('2023-06-26T13:36:45Z', 'Cras pellentesque volutpat dui.', 'http://dummyimage.com/151x248.png/ff4444/ffffff', 'Pasta - Cannelloni, Sheets, Fresh', 93149, 1, 11, 4);
insert into item (created_at, comment, main_image_url, name, price, state, category_mid_id, shop_id) values ('2023-08-05T06:37:45Z', 'Proin leo odio, porttitor id, consequat in, consequat ut, nulla.', 'http://dummyimage.com/212x175.png/ff4444/ffffff', 'Mushroom - Enoki, Dry', 61319, 1, 18, 5);
insert into item (created_at, comment, main_image_url, name, price, state, category_mid_id, shop_id) values ('2022-12-05T17:46:10Z', 'Nulla neque libero, convallis eget, eleifend luctus, ultricies eu, nibh.', 'http://dummyimage.com/154x158.png/ff4444/ffffff', 'Shrimp - Tiger 21/25', 81371, 1, 13, 1);
insert into item (created_at, comment, main_image_url, name, price, state, category_mid_id, shop_id) values ('2023-03-15T10:56:26Z', 'Nam nulla.', 'http://dummyimage.com/153x201.png/5fa2dd/ffffff', 'Towel Dispenser', 8425, 1, 6, 7);
insert into item (created_at, comment, main_image_url, name, price, state, category_mid_id, shop_id) values ('2023-01-09T10:27:24Z', 'Proin risus.', 'http://dummyimage.com/131x210.png/dddddd/000000', 'Jameson - Irish Whiskey', 61423, 1, 5, 4);
insert into item (created_at, comment, main_image_url, name, price, state, category_mid_id, shop_id) values ('2022-11-25T21:10:11Z', 'Nam nulla.', 'http://dummyimage.com/181x162.png/dddddd/000000', 'Paper Towel Touchless', 91982, 1, 11, 6);
insert into item (created_at, comment, main_image_url, name, price, state, category_mid_id, shop_id) values ('2023-03-27T14:29:25Z', 'Morbi sem mauris, laoreet ut, rhoncus aliquet, pulvinar sed, nisl.', 'http://dummyimage.com/234x197.png/ff4444/ffffff', 'Dehydrated Kelp Kombo', 91801, 1, 14, 6);
insert into item (created_at, comment, main_image_url, name, price, state, category_mid_id, shop_id) values ('2023-08-26T19:01:03Z', 'Mauris enim leo, rhoncus sed, vestibulum sit amet, cursus id, turpis.', 'http://dummyimage.com/133x122.png/5fa2dd/ffffff', 'Lettuce - Mini Greens, Whole', 58114, 1, 3, 5);
insert into item (created_at, comment, main_image_url, name, price, state, category_mid_id, shop_id) values ('2022-10-18T11:50:15Z', 'Phasellus id sapien in sapien iaculis congue.', 'http://dummyimage.com/106x102.png/cc0000/ffffff', 'Zucchini - Mini, Green', 62531, 1, 6, 7);
insert into item (created_at, comment, main_image_url, name, price, state, category_mid_id, shop_id) values ('2023-03-27T15:01:31Z', 'Nullam porttitor lacus at turpis.', 'http://dummyimage.com/156x153.png/cc0000/ffffff', 'Syrup - Monin - Passion Fruit', 67409, 1, 1, 5);
insert into item (created_at, comment, main_image_url, name, price, state, category_mid_id, shop_id) values ('2022-11-24T12:48:08Z', 'Vivamus vel nulla eget eros elementum pellentesque.', 'http://dummyimage.com/211x188.png/dddddd/000000', 'Irish Cream - Baileys', 9682, 1, 8, 1);
insert into item (created_at, comment, main_image_url, name, price, state, category_mid_id, shop_id) values ('2022-11-04T12:53:13Z', 'Pellentesque ultrices mattis odio.', 'http://dummyimage.com/238x227.png/cc0000/ffffff', 'Bulgar', 22874, 1, 10, 1);
insert into item (created_at, comment, main_image_url, name, price, state, category_mid_id, shop_id) values ('2022-11-09T07:05:12Z', 'Nulla neque libero, convallis eget, eleifend luctus, ultricies eu, nibh.', 'http://dummyimage.com/142x199.png/ff4444/ffffff', 'Carbonated Water - Wildberry', 66383, 1, 20, 5);
insert into item (created_at, comment, main_image_url, name, price, state, category_mid_id, shop_id) values ('2022-11-02T22:32:04Z', 'Aliquam augue quam, sollicitudin vitae, consectetuer eget, rutrum at, lorem.', 'http://dummyimage.com/178x110.png/dddddd/000000', 'Soup Campbells Beef With Veg', 37023, 1, 3, 6);
insert into item (created_at, comment, main_image_url, name, price, state, category_mid_id, shop_id) values ('2023-08-02T04:47:58Z', 'Donec diam neque, vestibulum eget, vulputate ut, ultrices vel, augue.', 'http://dummyimage.com/160x148.png/ff4444/ffffff', 'Nantucket - 518ml', 24755, 1, 11, 3);
insert into item (created_at, comment, main_image_url, name, price, state, category_mid_id, shop_id) values ('2023-10-04T14:40:41Z', 'Maecenas leo odio, condimentum id, luctus nec, molestie sed, justo.', 'http://dummyimage.com/112x195.png/cc0000/ffffff', 'Venison - Liver', 42274, 1, 1, 1);
insert into item (created_at, comment, main_image_url, name, price, state, category_mid_id, shop_id) values ('2023-05-04T02:29:12Z', 'Suspendisse potenti.', 'http://dummyimage.com/237x199.png/ff4444/ffffff', 'Muffin - Blueberry Individual', 14837, 1, 19, 2);
insert into item (created_at, comment, main_image_url, name, price, state, category_mid_id, shop_id) values ('2022-11-28T23:49:17Z', 'Nullam varius.', 'http://dummyimage.com/207x182.png/dddddd/000000', 'Sauce - Ranch Dressing', 79973, 1, 3, 6);
insert into item (created_at, comment, main_image_url, name, price, state, category_mid_id, shop_id) values ('2023-01-23T21:46:47Z', 'In hac habitasse platea dictumst.', 'http://dummyimage.com/217x126.png/5fa2dd/ffffff', 'Lid - 0090 Clear', 79496, 1, 15, 5);
insert into item (created_at, comment, main_image_url, name, price, state, category_mid_id, shop_id) values ('2023-04-08T04:30:07Z', 'Quisque ut erat.', 'http://dummyimage.com/231x223.png/5fa2dd/ffffff', 'Pastry - Choclate Baked', 69509, 1, 8, 3);
insert into item (created_at, comment, main_image_url, name, price, state, category_mid_id, shop_id) values ('2023-07-04T17:41:10Z', 'Vestibulum ac est lacinia nisi venenatis tristique.', 'http://dummyimage.com/149x166.png/cc0000/ffffff', 'Clams - Bay', 27938, 1, 8, 4);
insert into item (created_at, comment, main_image_url, name, price, state, category_mid_id, shop_id) values ('2023-06-15T08:04:47Z', 'Vestibulum ante ipsum primis in faucibus orci luctus et ultrices posuere cubilia Curae; Duis faucibus accumsan odio.', 'http://dummyimage.com/183x238.png/5fa2dd/ffffff', 'Cheese - Brick With Pepper', 30967, 1, 2, 1);
insert into item (created_at, comment, main_image_url, name, price, state, category_mid_id, shop_id) values ('2022-12-28T09:03:10Z', 'In hac habitasse platea dictumst.', 'http://dummyimage.com/239x247.png/ff4444/ffffff', 'Lid - 0090 Clear', 86031, 1, 3, 7);
insert into item (created_at, comment, main_image_url, name, price, state, category_mid_id, shop_id) values ('2022-11-13T20:11:15Z', 'Vestibulum ante ipsum primis in faucibus orci luctus et ultrices posuere cubilia Curae; Donec pharetra, magna vestibulum aliquet ultrices, erat tortor sollicitudin mi, sit amet lobortis sapien sapien non mi.', 'http://dummyimage.com/234x199.png/5fa2dd/ffffff', 'Milk - Homo', 88225, 1, 11, 7);
insert into item (created_at, comment, main_image_url, name, price, state, category_mid_id, shop_id) values ('2023-03-04T06:20:56Z', 'Etiam faucibus cursus urna.', 'http://dummyimage.com/223x188.png/5fa2dd/ffffff', 'Pork - Smoked Kassler', 25280, 1, 19, 6);
insert into item (created_at, comment, main_image_url, name, price, state, category_mid_id, shop_id) values ('2023-01-19T07:59:13Z', 'Nulla ac enim.', 'http://dummyimage.com/208x112.png/ff4444/ffffff', 'Currants', 43669, 1, 12, 4);
insert into item (created_at, comment, main_image_url, name, price, state, category_mid_id, shop_id) values ('2023-09-18T19:35:48Z', 'Proin eu mi.', 'http://dummyimage.com/120x249.png/dddddd/000000', 'Glucose', 39636, 1, 10, 1);
insert into item (created_at, comment, main_image_url, name, price, state, category_mid_id, shop_id) values ('2023-10-10T03:49:32Z', 'Duis mattis egestas metus.', 'http://dummyimage.com/221x160.png/ff4444/ffffff', 'Pork - Inside', 67959, 1, 13, 7);
insert into item (created_at, comment, main_image_url, name, price, state, category_mid_id, shop_id) values ('2023-04-04T12:03:31Z', 'Donec dapibus.', 'http://dummyimage.com/116x140.png/ff4444/ffffff', 'Jam - Raspberry,jar', 15325, 1, 2, 4);
insert into item (created_at, comment, main_image_url, name, price, state, category_mid_id, shop_id) values ('2023-10-11T13:55:22Z', 'Proin interdum mauris non ligula pellentesque ultrices.', 'http://dummyimage.com/196x135.png/cc0000/ffffff', 'Beef - Kobe Striploin', 2272, 1, 7, 1);
insert into item (created_at, comment, main_image_url, name, price, state, category_mid_id, shop_id) values ('2023-04-10T21:12:36Z', 'Donec diam neque, vestibulum eget, vulputate ut, ultrices vel, augue.', 'http://dummyimage.com/237x117.png/dddddd/000000', 'Flour - Strong', 63331, 1, 7, 4);
insert into item (created_at, comment, main_image_url, name, price, state, category_mid_id, shop_id) values ('2023-04-09T12:58:08Z', 'Praesent id massa id nisl venenatis lacinia.', 'http://dummyimage.com/148x190.png/5fa2dd/ffffff', 'Kaffir Lime Leaves', 76833, 1, 8, 5);
insert into item (created_at, comment, main_image_url, name, price, state, category_mid_id, shop_id) values ('2022-10-23T15:59:41Z', 'Nam dui.', 'http://dummyimage.com/197x126.png/5fa2dd/ffffff', 'Lemon Tarts', 96283, 1, 2, 1);
insert into item (created_at, comment, main_image_url, name, price, state, category_mid_id, shop_id) values ('2023-04-01T01:27:10Z', 'Suspendisse potenti.', 'http://dummyimage.com/174x112.png/5fa2dd/ffffff', 'Tabasco Sauce, 2 Oz', 24476, 1, 15, 6);
insert into item (created_at, comment, main_image_url, name, price, state, category_mid_id, shop_id) values ('2022-11-26T00:34:58Z', 'Suspendisse potenti.', 'http://dummyimage.com/132x126.png/5fa2dd/ffffff', 'Vegetable - Base', 6098, 1, 6, 4);
insert into item (created_at, comment, main_image_url, name, price, state, category_mid_id, shop_id) values ('2023-03-11T06:22:33Z', 'In eleifend quam a odio.', 'http://dummyimage.com/161x197.png/5fa2dd/ffffff', 'Tandoori Curry Paste', 37158, 1, 19, 1);
insert into item (created_at, comment, main_image_url, name, price, state, category_mid_id, shop_id) values ('2023-08-18T04:30:17Z', 'In quis justo.', 'http://dummyimage.com/169x196.png/dddddd/000000', 'Wine - Domaine Boyar Royal', 69585, 1, 17, 4);
insert into item (created_at, comment, main_image_url, name, price, state, category_mid_id, shop_id) values ('2022-12-25T18:04:38Z', 'Morbi non quam nec dui luctus rutrum.', 'http://dummyimage.com/221x171.png/cc0000/ffffff', 'Mangoes', 41806, 1, 17, 5);
insert into item (created_at, comment, main_image_url, name, price, state, category_mid_id, shop_id) values ('2023-09-24T18:17:27Z', 'Morbi porttitor lorem id ligula.', 'http://dummyimage.com/187x206.png/5fa2dd/ffffff', 'Pur Source', 93337, 1, 7, 4);
insert into item (created_at, comment, main_image_url, name, price, state, category_mid_id, shop_id) values ('2023-06-18T07:04:28Z', 'Nam tristique tortor eu pede.', 'http://dummyimage.com/233x198.png/cc0000/ffffff', 'Stock - Chicken, White', 46177, 1, 5, 6);
insert into item (created_at, comment, main_image_url, name, price, state, category_mid_id, shop_id) values ('2023-02-25T05:12:09Z', 'Proin at turpis a pede posuere nonummy.', 'http://dummyimage.com/100x191.png/ff4444/ffffff', 'Squid - Breaded', 24331, 1, 16, 3);
insert into item (created_at, comment, main_image_url, name, price, state, category_mid_id, shop_id) values ('2022-12-27T05:41:04Z', 'Etiam faucibus cursus urna.', 'http://dummyimage.com/163x140.png/5fa2dd/ffffff', 'Pie Pecan', 22078, 1, 6, 6);
insert into item (created_at, comment, main_image_url, name, price, state, category_mid_id, shop_id) values ('2023-01-17T15:41:07Z', 'Suspendisse potenti.', 'http://dummyimage.com/210x207.png/ff4444/ffffff', 'Bread - Wheat Baguette', 3855, 1, 5, 4);
insert into item (created_at, comment, main_image_url, name, price, state, category_mid_id, shop_id) values ('2023-05-20T21:17:19Z', 'Fusce posuere felis sed lacus.', 'http://dummyimage.com/198x201.png/ff4444/ffffff', 'Apricots - Dried', 52186, 1, 2, 1);
insert into item (created_at, comment, main_image_url, name, price, state, category_mid_id, shop_id) values ('2023-07-07T23:39:34Z', 'Aliquam erat volutpat.', 'http://dummyimage.com/110x210.png/dddddd/000000', 'Lid - 10,12,16 Oz', 8442, 1, 20, 4);
insert into item (created_at, comment, main_image_url, name, price, state, category_mid_id, shop_id) values ('2023-08-09T17:46:26Z', 'Fusce consequat.', 'http://dummyimage.com/117x103.png/5fa2dd/ffffff', 'Tea - Black Currant', 54699, 1, 17, 5);
insert into item (created_at, comment, main_image_url, name, price, state, category_mid_id, shop_id) values ('2023-05-16T20:20:02Z', 'Morbi sem mauris, laoreet ut, rhoncus aliquet, pulvinar sed, nisl.', 'http://dummyimage.com/147x147.png/5fa2dd/ffffff', 'Lid Tray - 16in Dome', 9565, 1, 1, 2);
insert into item (created_at, comment, main_image_url, name, price, state, category_mid_id, shop_id) values ('2022-10-24T05:35:58Z', 'Maecenas pulvinar lobortis est.', 'http://dummyimage.com/222x227.png/5fa2dd/ffffff', 'Pepper - Orange', 11981, 1, 9, 6);
insert into item (created_at, comment, main_image_url, name, price, state, category_mid_id, shop_id) values ('2023-01-27T04:28:03Z', 'Aliquam non mauris.', 'http://dummyimage.com/135x205.png/5fa2dd/ffffff', 'Olives - Black, Pitted', 5779, 1, 10, 7);
insert into item (created_at, comment, main_image_url, name, price, state, category_mid_id, shop_id) values ('2022-10-22T01:52:17Z', 'In hac habitasse platea dictumst.', 'http://dummyimage.com/199x240.png/ff4444/ffffff', 'Veal - Round, Eye Of', 73134, 1, 15, 2);
insert into item (created_at, comment, main_image_url, name, price, state, category_mid_id, shop_id) values ('2023-02-10T11:07:08Z', 'Duis aliquam convallis nunc.', 'http://dummyimage.com/212x229.png/dddddd/000000', 'Gatorade - Fruit Punch', 69970, 1, 11, 6);
insert into item (created_at, comment, main_image_url, name, price, state, category_mid_id, shop_id) values ('2022-12-05T13:52:25Z', 'Aenean sit amet justo.', 'http://dummyimage.com/236x192.png/ff4444/ffffff', 'Soup - Campbells', 12755, 1, 8, 6);
insert into item (created_at, comment, main_image_url, name, price, state, category_mid_id, shop_id) values ('2023-07-21T05:27:57Z', 'Cum sociis natoque penatibus et magnis dis parturient montes, nascetur ridiculus mus.', 'http://dummyimage.com/239x131.png/5fa2dd/ffffff', 'Potatoes - Idaho 80 Count', 45031, 1, 4, 2);
insert into item (created_at, comment, main_image_url, name, price, state, category_mid_id, shop_id) values ('2023-03-20T07:56:46Z', 'Integer aliquet, massa id lobortis convallis, tortor risus dapibus augue, vel accumsan tellus nisi eu orci.', 'http://dummyimage.com/141x159.png/ff4444/ffffff', 'Wine - Shiraz Wolf Blass Premium', 31713, 1, 19, 3);

insert into follow (member_id, shop_id) values (1, 3);
insert into follow (member_id, shop_id) values (1, 4);
insert into follow (member_id, shop_id) values (2, 3);
insert into follow (member_id, shop_id) values (2, 4);
insert into follow (member_id, shop_id) values (3, 4);

insert into wish (item_id, member_id) values (1, 1);
insert into wish (item_id, member_id) values (2, 1);
insert into wish (item_id, member_id) values (3, 1);
insert into wish (item_id, member_id) values (4, 1);
insert into wish (item_id, member_id) values (1, 2);
insert into wish (item_id, member_id) values (3, 2);
insert into wish (item_id, member_id) values (5, 2);
insert into wish (item_id, member_id) values (7, 2);
insert into wish (item_id, member_id) values (6, 3);
insert into wish (item_id, member_id) values (7, 3);
insert into wish (item_id, member_id) values (8, 3);